date,COMEX Inventory: Copper (short ton)
2015-01-01T16:00:00.000Z,26334
2015-01-04T16:00:00.000Z,26257
2015-01-05T16:00:00.000Z,26157
2015-01-06T16:00:00.000Z,26368
2015-01-08T16:00:00.000Z,26071
2015-01-11T16:00:00.000Z,25952
2015-01-12T16:00:00.000Z,25608
2015-01-14T16:00:00.000Z,24519
2015-01-15T16:00:00.000Z,24108
2015-01-19T16:00:00.000Z,24092
2015-01-20T16:00:00.000Z,23060
2015-01-21T16:00:00.000Z,22702
2015-01-22T16:00:00.000Z,22582
2015-01-25T16:00:00.000Z,22255
2015-01-26T16:00:00.000Z,22015
2015-01-27T16:00:00.000Z,21744
2015-01-28T16:00:00.000Z,21455
2015-01-29T16:00:00.000Z,21333
2015-02-01T16:00:00.000Z,21289
2015-02-02T16:00:00.000Z,21148
2015-02-03T16:00:00.000Z,20796
2015-02-04T16:00:00.000Z,20189
2015-02-05T16:00:00.000Z,19709
2015-02-08T16:00:00.000Z,19172
2015-02-09T16:00:00.000Z,18975
2015-02-10T16:00:00.000Z,18703
2015-02-11T16:00:00.000Z,18558
2015-02-12T16:00:00.000Z,18493
2015-02-16T16:00:00.000Z,18585
2015-02-17T16:00:00.000Z,18248
2015-02-18T16:00:00.000Z,18143
2015-02-19T16:00:00.000Z,18023
2015-02-22T16:00:00.000Z,17961
2015-02-23T16:00:00.000Z,18051
2015-02-24T16:00:00.000Z,18110
2015-02-25T16:00:00.000Z,17921
2015-02-26T16:00:00.000Z,17854
2015-03-01T16:00:00.000Z,18034
2015-03-02T16:00:00.000Z,18303
2015-03-03T16:00:00.000Z,18908
2015-03-04T16:00:00.000Z,19513
2015-03-05T16:00:00.000Z,20394
2015-03-08T16:00:00.000Z,20968
2015-03-09T16:00:00.000Z,21568
2015-03-10T16:00:00.000Z,22675
2015-03-11T16:00:00.000Z,24218
2015-03-12T16:00:00.000Z,24744
2015-03-15T16:00:00.000Z,25325
2015-03-16T16:00:00.000Z,25489
2015-03-17T16:00:00.000Z,25426
2015-03-18T16:00:00.000Z,25189
2015-03-19T16:00:00.000Z,24950
2015-03-22T16:00:00.000Z,24855
2015-03-23T16:00:00.000Z,24744
2015-03-24T16:00:00.000Z,24330
2015-03-25T16:00:00.000Z,24127
2015-03-26T16:00:00.000Z,24822
2015-03-29T16:00:00.000Z,26991
2015-03-30T16:00:00.000Z,26864
2015-03-31T16:00:00.000Z,26761
2015-04-01T16:00:00.000Z,26633
2015-04-02T16:00:00.000Z,26468
2015-04-06T16:00:00.000Z,26254
2015-04-07T16:00:00.000Z,25909
2015-04-08T16:00:00.000Z,25616
2015-04-09T16:00:00.000Z,25357
2015-04-12T16:00:00.000Z,25255
2015-04-13T16:00:00.000Z,25138
2015-04-14T16:00:00.000Z,24959
2015-04-15T16:00:00.000Z,24856
2015-04-16T16:00:00.000Z,24732
2015-04-19T16:00:00.000Z,24633
2015-04-20T16:00:00.000Z,24508
2015-04-21T16:00:00.000Z,24407
2015-04-22T16:00:00.000Z,24279
2015-04-23T16:00:00.000Z,24179
2015-04-26T16:00:00.000Z,24038
2015-04-27T16:00:00.000Z,23900
2015-04-28T16:00:00.000Z,23800
2015-04-29T16:00:00.000Z,23674
2015-04-30T16:00:00.000Z,23624
2015-05-03T16:00:00.000Z,23492
2015-05-04T16:00:00.000Z,23367
2015-05-05T16:00:00.000Z,23361
2015-05-06T16:00:00.000Z,23361
2015-05-07T16:00:00.000Z,23361
2015-05-10T16:00:00.000Z,23316
2015-05-11T16:00:00.000Z,23186
2015-05-12T16:00:00.000Z,22884
2015-05-13T16:00:00.000Z,22782
2015-05-14T16:00:00.000Z,22606
2015-05-17T16:00:00.000Z,22606
2015-05-18T16:00:00.000Z,22244
2015-05-19T16:00:00.000Z,22156
2015-05-20T16:00:00.000Z,22188
2015-05-21T16:00:00.000Z,22232
2015-05-25T16:00:00.000Z,22276
2015-05-26T16:00:00.000Z,22474
2015-05-27T16:00:00.000Z,22518
2015-05-28T16:00:00.000Z,22518
2015-05-31T16:00:00.000Z,22518
2015-06-01T16:00:00.000Z,22518
2015-06-02T16:00:00.000Z,22518
2015-06-03T16:00:00.000Z,22518
2015-06-04T16:00:00.000Z,22540
2015-06-07T16:00:00.000Z,22562
2015-06-08T16:00:00.000Z,23245
2015-06-09T16:00:00.000Z,23915
2015-06-10T16:00:00.000Z,24383
2015-06-11T16:00:00.000Z,24753
2015-06-14T16:00:00.000Z,25084
2015-06-15T16:00:00.000Z,25120
2015-06-16T16:00:00.000Z,25650
2015-06-17T16:00:00.000Z,25529
2015-06-18T16:00:00.000Z,25860
2015-06-21T16:00:00.000Z,26923
2015-06-22T16:00:00.000Z,27371
2015-06-23T16:00:00.000Z,28011
2015-06-24T16:00:00.000Z,28579
2015-06-25T16:00:00.000Z,29082
2015-06-28T16:00:00.000Z,29595
2015-06-29T16:00:00.000Z,30120
2015-06-30T16:00:00.000Z,30565
2015-07-01T16:00:00.000Z,31198
2015-07-05T16:00:00.000Z,31721
2015-07-06T16:00:00.000Z,32198
2015-07-07T16:00:00.000Z,32733
2015-07-08T16:00:00.000Z,32883
2015-07-09T16:00:00.000Z,33197
2015-07-12T16:00:00.000Z,33505
2015-07-13T16:00:00.000Z,36535
2015-07-14T16:00:00.000Z,36740
2015-07-15T16:00:00.000Z,37010
2015-07-16T16:00:00.000Z,37207
2015-07-19T16:00:00.000Z,37481
2015-07-20T16:00:00.000Z,37628
2015-07-21T16:00:00.000Z,37723
2015-07-22T16:00:00.000Z,37656
2015-07-23T16:00:00.000Z,37623
2015-07-26T16:00:00.000Z,37498
2015-07-27T16:00:00.000Z,37395
2015-07-28T16:00:00.000Z,37283
2015-07-29T16:00:00.000Z,37283
2015-07-30T16:00:00.000Z,37283
2015-08-02T16:00:00.000Z,37283
2015-08-03T16:00:00.000Z,37172
2015-08-04T16:00:00.000Z,36607
2015-08-05T16:00:00.000Z,36054
2015-08-06T16:00:00.000Z,35581
2015-08-09T16:00:00.000Z,35270
2015-08-10T16:00:00.000Z,34802
2015-08-11T16:00:00.000Z,34347
2015-08-12T16:00:00.000Z,33879
2015-08-13T16:00:00.000Z,33451
2015-08-16T16:00:00.000Z,33776
2015-08-17T16:00:00.000Z,34026
2015-08-18T16:00:00.000Z,33569
2015-08-19T16:00:00.000Z,33441
2015-08-20T16:00:00.000Z,33914
2015-08-23T16:00:00.000Z,34360
2015-08-24T16:00:00.000Z,34783
2015-08-25T16:00:00.000Z,35355
2015-08-26T16:00:00.000Z,35923
2015-08-27T16:00:00.000Z,36472
2015-08-30T16:00:00.000Z,36860
2015-08-31T16:00:00.000Z,37196
2015-09-01T16:00:00.000Z,37671
2015-09-02T16:00:00.000Z,38046
2015-09-03T16:00:00.000Z,38096
2015-09-07T16:00:00.000Z,38047
2015-09-08T16:00:00.000Z,37926
2015-09-09T16:00:00.000Z,37824
2015-09-10T16:00:00.000Z,37659
2015-09-13T16:00:00.000Z,37936
2015-09-14T16:00:00.000Z,38384
2015-09-15T16:00:00.000Z,38848
2015-09-16T16:00:00.000Z,39135
2015-09-17T16:00:00.000Z,39507
2015-09-20T16:00:00.000Z,39551
2015-09-21T16:00:00.000Z,39825
2015-09-22T16:00:00.000Z,40291
2015-09-23T16:00:00.000Z,40198
2015-09-24T16:00:00.000Z,40153
2015-09-27T16:00:00.000Z,40153
2015-09-28T16:00:00.000Z,40153
2015-09-29T16:00:00.000Z,40153
2015-09-30T16:00:00.000Z,40153
2015-10-01T16:00:00.000Z,40128
2015-10-04T16:00:00.000Z,40308
2015-10-05T16:00:00.000Z,40453
2015-10-06T16:00:00.000Z,40808
2015-10-07T16:00:00.000Z,41207
2015-10-08T16:00:00.000Z,41538
2015-10-11T16:00:00.000Z,41742
2015-10-12T16:00:00.000Z,42096
2015-10-13T16:00:00.000Z,42835
2015-10-14T16:00:00.000Z,43605
2015-10-15T16:00:00.000Z,44659
2015-10-18T16:00:00.000Z,45526
2015-10-19T16:00:00.000Z,46014
2015-10-20T16:00:00.000Z,46799
2015-10-21T16:00:00.000Z,48230
2015-10-22T16:00:00.000Z,49186
2015-10-25T16:00:00.000Z,50801
2015-10-26T16:00:00.000Z,51563
2015-10-27T16:00:00.000Z,52230
2015-10-28T16:00:00.000Z,53016
2015-10-29T16:00:00.000Z,53615
2015-11-01T16:00:00.000Z,53517
2015-11-02T16:00:00.000Z,53753
2015-11-03T16:00:00.000Z,54716
2015-11-04T16:00:00.000Z,55999
2015-11-05T16:00:00.000Z,57513
2015-11-08T16:00:00.000Z,57822
2015-11-09T16:00:00.000Z,58834
2015-11-10T16:00:00.000Z,59879
2015-11-11T16:00:00.000Z,61026
2015-11-12T16:00:00.000Z,62697
2015-11-15T16:00:00.000Z,64546
2015-11-16T16:00:00.000Z,65528
2015-11-17T16:00:00.000Z,67279
2015-11-18T16:00:00.000Z,68557
2015-11-19T16:00:00.000Z,70359
2015-11-22T16:00:00.000Z,72293
2015-11-23T16:00:00.000Z,72422
2015-11-24T16:00:00.000Z,72953
2015-11-26T16:00:00.000Z,72749
2015-11-29T16:00:00.000Z,72749
2015-11-30T16:00:00.000Z,72934
2015-12-01T16:00:00.000Z,73685
2015-12-02T16:00:00.000Z,73751
2015-12-03T16:00:00.000Z,73674
2015-12-06T16:00:00.000Z,73052
2015-12-07T16:00:00.000Z,72906
2015-12-08T16:00:00.000Z,73149
2015-12-09T16:00:00.000Z,72256
2015-12-10T16:00:00.000Z,71719
2015-12-13T16:00:00.000Z,71559
2015-12-14T16:00:00.000Z,71716
2015-12-15T16:00:00.000Z,71069
2015-12-16T16:00:00.000Z,71115
2015-12-17T16:00:00.000Z,70907
2015-12-20T16:00:00.000Z,70547
2015-12-21T16:00:00.000Z,70150
2015-12-22T16:00:00.000Z,70582
2015-12-23T16:00:00.000Z,71239
2015-12-27T16:00:00.000Z,70937
2015-12-28T16:00:00.000Z,71217
2015-12-29T16:00:00.000Z,70750
2015-12-30T16:00:00.000Z,69753
2016-01-03T16:00:00.000Z,69703
2016-01-04T16:00:00.000Z,69246
2016-01-05T16:00:00.000Z,68941
2016-01-06T16:00:00.000Z,68414
2016-01-07T16:00:00.000Z,68549
2016-01-10T16:00:00.000Z,68768
2016-01-11T16:00:00.000Z,68828
2016-01-12T16:00:00.000Z,68100
2016-01-13T16:00:00.000Z,67815
2016-01-14T16:00:00.000Z,67238
2016-01-18T16:00:00.000Z,67176
2016-01-19T16:00:00.000Z,66114
2016-01-20T16:00:00.000Z,65850
2016-01-21T16:00:00.000Z,65721
2016-01-24T16:00:00.000Z,65486
2016-01-25T16:00:00.000Z,65174
2016-01-26T16:00:00.000Z,65281
2016-01-27T16:00:00.000Z,65526
2016-01-28T16:00:00.000Z,65615
2016-01-31T16:00:00.000Z,65438
2016-02-01T16:00:00.000Z,65438
2016-02-02T16:00:00.000Z,65552
2016-02-03T16:00:00.000Z,65719
2016-02-04T16:00:00.000Z,65908
2016-02-07T16:00:00.000Z,66173
2016-02-08T16:00:00.000Z,66286
2016-02-09T16:00:00.000Z,66850
2016-02-10T16:00:00.000Z,67350
2016-02-11T16:00:00.000Z,67858
2016-02-15T16:00:00.000Z,67978
2016-02-16T16:00:00.000Z,68015
2016-02-17T16:00:00.000Z,68078
2016-02-18T16:00:00.000Z,67875
2016-02-21T16:00:00.000Z,67560
2016-02-22T16:00:00.000Z,67502
2016-02-23T16:00:00.000Z,67636
2016-02-24T16:00:00.000Z,67618
2016-02-25T16:00:00.000Z,67502
2016-02-28T16:00:00.000Z,67502
2016-02-29T16:00:00.000Z,67476
2016-03-01T16:00:00.000Z,67374
2016-03-02T16:00:00.000Z,67296
2016-03-03T16:00:00.000Z,67222
2016-03-06T16:00:00.000Z,67448
2016-03-07T16:00:00.000Z,67848
2016-03-08T16:00:00.000Z,68248
2016-03-09T16:00:00.000Z,68548
2016-03-10T16:00:00.000Z,68861
2016-03-13T16:00:00.000Z,69260
2016-03-14T16:00:00.000Z,69585
2016-03-15T16:00:00.000Z,69885
2016-03-16T16:00:00.000Z,70260
2016-03-17T16:00:00.000Z,70559
2016-03-20T16:00:00.000Z,70858
2016-03-21T16:00:00.000Z,71158
2016-03-22T16:00:00.000Z,71541
2016-03-23T16:00:00.000Z,71728
2016-03-27T16:00:00.000Z,71925
2016-03-28T16:00:00.000Z,71947
2016-03-29T16:00:00.000Z,71991
2016-03-30T16:00:00.000Z,71991
2016-03-31T16:00:00.000Z,72012
2016-04-03T16:00:00.000Z,72012
2016-04-04T16:00:00.000Z,72012
2016-04-05T16:00:00.000Z,72012
2016-04-06T16:00:00.000Z,71936
2016-04-07T16:00:00.000Z,71796
2016-04-10T16:00:00.000Z,71658
2016-04-11T16:00:00.000Z,71459
2016-04-12T16:00:00.000Z,70789
2016-04-13T16:00:00.000Z,70115
2016-04-14T16:00:00.000Z,69147
2016-04-17T16:00:00.000Z,68162
2016-04-18T16:00:00.000Z,67629
2016-04-19T16:00:00.000Z,67428
2016-04-20T16:00:00.000Z,67327
2016-04-21T16:00:00.000Z,67140
2016-04-24T16:00:00.000Z,67127
2016-04-25T16:00:00.000Z,66602
2016-04-26T16:00:00.000Z,66212
2016-04-27T16:00:00.000Z,65889
2016-04-28T16:00:00.000Z,65495
2016-05-01T16:00:00.000Z,65160
2016-05-02T16:00:00.000Z,64873
2016-05-03T16:00:00.000Z,64693
2016-05-04T16:00:00.000Z,64739
2016-05-05T16:00:00.000Z,64761
2016-05-08T16:00:00.000Z,64761
2016-05-09T16:00:00.000Z,64458
2016-05-10T16:00:00.000Z,63954
2016-05-11T16:00:00.000Z,63672
2016-05-12T16:00:00.000Z,63270
2016-05-15T16:00:00.000Z,63169
2016-05-16T16:00:00.000Z,62813
2016-05-17T16:00:00.000Z,62523
2016-05-18T16:00:00.000Z,62474
2016-05-19T16:00:00.000Z,62222
2016-05-22T16:00:00.000Z,62018
2016-05-23T16:00:00.000Z,62042
2016-05-24T16:00:00.000Z,61818
2016-05-25T16:00:00.000Z,61494
2016-05-26T16:00:00.000Z,61270
2016-05-30T16:00:00.000Z,61044
2016-05-31T16:00:00.000Z,60534
2016-06-01T16:00:00.000Z,60122
2016-06-02T16:00:00.000Z,59820
2016-06-05T16:00:00.000Z,59745
2016-06-06T16:00:00.000Z,59579
2016-06-07T16:00:00.000Z,59384
2016-06-08T16:00:00.000Z,59406
2016-06-09T16:00:00.000Z,59406
2016-06-12T16:00:00.000Z,59406
2016-06-13T16:00:00.000Z,59306
2016-06-14T16:00:00.000Z,59306
2016-06-15T16:00:00.000Z,59350
2016-06-16T16:00:00.000Z,59372
2016-06-19T16:00:00.000Z,59939
2016-06-20T16:00:00.000Z,59961
2016-06-21T16:00:00.000Z,60283
2016-06-22T16:00:00.000Z,60705
2016-06-23T16:00:00.000Z,61099
2016-06-26T16:00:00.000Z,61496
2016-06-27T16:00:00.000Z,61796
2016-06-28T16:00:00.000Z,62171
2016-06-29T16:00:00.000Z,62445
2016-06-30T16:00:00.000Z,62440
2016-07-04T16:00:00.000Z,62435
2016-07-05T16:00:00.000Z,62439
2016-07-06T16:00:00.000Z,62446
2016-07-07T16:00:00.000Z,62446
2016-07-10T16:00:00.000Z,62717
2016-07-11T16:00:00.000Z,63016
2016-07-12T16:00:00.000Z,63316
2016-07-13T16:00:00.000Z,63516
2016-07-14T16:00:00.000Z,63791
2016-07-17T16:00:00.000Z,64312
2016-07-18T16:00:00.000Z,64312
2016-07-19T16:00:00.000Z,64332
2016-07-20T16:00:00.000Z,64379
2016-07-21T16:00:00.000Z,64416
2016-07-24T16:00:00.000Z,65216
2016-07-25T16:00:00.000Z,65327
2016-07-26T16:00:00.000Z,65393
2016-07-27T16:00:00.000Z,65416
2016-07-28T16:00:00.000Z,65416
2016-07-31T16:00:00.000Z,65509
2016-08-01T16:00:00.000Z,65509
2016-08-02T16:00:00.000Z,65509
2016-08-03T16:00:00.000Z,65509
2016-08-04T16:00:00.000Z,65508
2016-08-07T16:00:00.000Z,65934
2016-08-08T16:00:00.000Z,65955
2016-08-09T16:00:00.000Z,66112
2016-08-10T16:00:00.000Z,66022
2016-08-11T16:00:00.000Z,66066
2016-08-14T16:00:00.000Z,66360
2016-08-15T16:00:00.000Z,66383
2016-08-16T16:00:00.000Z,66383
2016-08-17T16:00:00.000Z,66383
2016-08-18T16:00:00.000Z,66383
2016-08-21T16:00:00.000Z,66946
2016-08-22T16:00:00.000Z,66946
2016-08-23T16:00:00.000Z,66924
2016-08-24T16:00:00.000Z,66946
2016-08-25T16:00:00.000Z,67253
2016-08-28T16:00:00.000Z,67282
2016-08-29T16:00:00.000Z,67282
2016-08-30T16:00:00.000Z,67282
2016-08-31T16:00:00.000Z,67282
2016-09-01T16:00:00.000Z,67282
2016-09-05T16:00:00.000Z,67282
2016-09-06T16:00:00.000Z,67762
2016-09-07T16:00:00.000Z,68163
2016-09-08T16:00:00.000Z,68630
2016-09-11T16:00:00.000Z,69047
2016-09-12T16:00:00.000Z,69532
2016-09-13T16:00:00.000Z,70073
2016-09-14T16:00:00.000Z,70109
2016-09-15T16:00:00.000Z,70276
2016-09-18T16:00:00.000Z,70367
2016-09-19T16:00:00.000Z,70281
2016-09-20T16:00:00.000Z,70287
2016-09-21T16:00:00.000Z,70287
2016-09-22T16:00:00.000Z,70422
2016-09-25T16:00:00.000Z,70512
2016-09-26T16:00:00.000Z,70575
2016-09-27T16:00:00.000Z,70575
2016-09-28T16:00:00.000Z,70575
2016-09-29T16:00:00.000Z,70575
2016-10-02T16:00:00.000Z,70575
2016-10-03T16:00:00.000Z,70575
2016-10-04T16:00:00.000Z,70575
2016-10-05T16:00:00.000Z,70597
2016-10-06T16:00:00.000Z,70619
2016-10-09T16:00:00.000Z,70983
2016-10-10T16:00:00.000Z,70983
2016-10-11T16:00:00.000Z,71027
2016-10-12T16:00:00.000Z,71049
2016-10-13T16:00:00.000Z,71094
2016-10-16T16:00:00.000Z,71386
2016-10-17T16:00:00.000Z,71633
2016-10-18T16:00:00.000Z,71933
2016-10-19T16:00:00.000Z,72208
2016-10-20T16:00:00.000Z,72609
2016-10-23T16:00:00.000Z,73336
2016-10-24T16:00:00.000Z,73066
2016-10-25T16:00:00.000Z,72774
2016-10-26T16:00:00.000Z,72474
2016-10-27T16:00:00.000Z,72199
2016-10-30T16:00:00.000Z,71961
2016-10-31T16:00:00.000Z,71961
2016-11-01T16:00:00.000Z,71961
2016-11-02T16:00:00.000Z,71961
2016-11-03T16:00:00.000Z,71983
2016-11-06T16:00:00.000Z,72027
2016-11-07T16:00:00.000Z,72071
2016-11-08T16:00:00.000Z,72137
2016-11-09T16:00:00.000Z,72336
2016-11-10T16:00:00.000Z,72534
2016-11-13T16:00:00.000Z,72710
2016-11-14T16:00:00.000Z,72864
2016-11-15T16:00:00.000Z,73236
2016-11-16T16:00:00.000Z,74896
2016-11-17T16:00:00.000Z,75049
2016-11-20T16:00:00.000Z,75092
2016-11-21T16:00:00.000Z,75463
2016-11-22T16:00:00.000Z,75900
2016-11-24T16:00:00.000Z,76362
2016-11-27T16:00:00.000Z,76815
2016-11-28T16:00:00.000Z,77229
2016-11-29T16:00:00.000Z,77844
2016-11-30T16:00:00.000Z,78310
2016-12-01T16:00:00.000Z,78686
2016-12-04T16:00:00.000Z,78824
2016-12-05T16:00:00.000Z,79089
2016-12-06T16:00:00.000Z,79176
2016-12-07T16:00:00.000Z,79175
2016-12-08T16:00:00.000Z,79175
2016-12-11T16:00:00.000Z,79625
2016-12-12T16:00:00.000Z,80241
2016-12-13T16:00:00.000Z,81001
2016-12-14T16:00:00.000Z,81445
2016-12-15T16:00:00.000Z,82179
2016-12-18T16:00:00.000Z,82589
2016-12-19T16:00:00.000Z,83527
2016-12-20T16:00:00.000Z,84259
2016-12-21T16:00:00.000Z,84525
2016-12-22T16:00:00.000Z,85339
2016-12-26T16:00:00.000Z,85348
2016-12-27T16:00:00.000Z,86508
2016-12-28T16:00:00.000Z,87280
2016-12-29T16:00:00.000Z,88308
2017-01-02T16:00:00.000Z,88902
2017-01-03T16:00:00.000Z,89736
2017-01-04T16:00:00.000Z,90383
2017-01-05T16:00:00.000Z,91314
2017-01-08T16:00:00.000Z,91615
2017-01-09T16:00:00.000Z,92650
2017-01-10T16:00:00.000Z,93412
2017-01-11T16:00:00.000Z,93857
2017-01-12T16:00:00.000Z,94573
2017-01-16T16:00:00.000Z,94873
2017-01-17T16:00:00.000Z,96035
2017-01-18T16:00:00.000Z,96436
2017-01-19T16:00:00.000Z,97055
2017-01-22T16:00:00.000Z,97542
2017-01-23T16:00:00.000Z,98262
2017-01-24T16:00:00.000Z,98662
2017-01-25T16:00:00.000Z,99388
2017-01-26T16:00:00.000Z,100000
2017-01-29T16:00:00.000Z,100370
2017-01-30T16:00:00.000Z,102072
2017-01-31T16:00:00.000Z,102771
2017-02-01T16:00:00.000Z,103359
2017-02-02T16:00:00.000Z,104791
2017-02-05T16:00:00.000Z,105688
2017-02-06T16:00:00.000Z,106627
2017-02-07T16:00:00.000Z,107241
2017-02-08T16:00:00.000Z,108468
2017-02-09T16:00:00.000Z,109218
2017-02-12T16:00:00.000Z,109956
2017-02-13T16:00:00.000Z,111880
2017-02-14T16:00:00.000Z,113671
2017-02-15T16:00:00.000Z,115134
2017-02-16T16:00:00.000Z,115622
2017-02-20T16:00:00.000Z,118270
2017-02-21T16:00:00.000Z,121119
2017-02-22T16:00:00.000Z,122310
2017-02-23T16:00:00.000Z,123432
2017-02-26T16:00:00.000Z,124073
2017-02-27T16:00:00.000Z,125849
2017-02-28T16:00:00.000Z,126239
2017-03-01T16:00:00.000Z,126730
2017-03-02T16:00:00.000Z,127856
2017-03-05T16:00:00.000Z,128313
2017-03-06T16:00:00.000Z,129481
2017-03-07T16:00:00.000Z,130795
2017-03-08T16:00:00.000Z,132718
2017-03-09T16:00:00.000Z,133548
2017-03-12T16:00:00.000Z,133970
2017-03-13T16:00:00.000Z,134378
2017-03-14T16:00:00.000Z,135001
2017-03-15T16:00:00.000Z,135687
2017-03-16T16:00:00.000Z,136300
2017-03-19T16:00:00.000Z,136833
2017-03-20T16:00:00.000Z,137882
2017-03-21T16:00:00.000Z,138726
2017-03-22T16:00:00.000Z,139154
2017-03-23T16:00:00.000Z,139818
2017-03-26T16:00:00.000Z,140544
2017-03-27T16:00:00.000Z,140936
2017-03-28T16:00:00.000Z,141142
2017-03-29T16:00:00.000Z,142639
2017-03-30T16:00:00.000Z,143375
2017-04-02T16:00:00.000Z,144120
2017-04-03T16:00:00.000Z,144766
2017-04-04T16:00:00.000Z,144858
2017-04-05T16:00:00.000Z,145404
2017-04-06T16:00:00.000Z,146119
2017-04-09T16:00:00.000Z,146551
2017-04-10T16:00:00.000Z,147119
2017-04-11T16:00:00.000Z,147456
2017-04-12T16:00:00.000Z,148570
2017-04-16T16:00:00.000Z,149684
2017-04-17T16:00:00.000Z,151312
2017-04-18T16:00:00.000Z,152662
2017-04-19T16:00:00.000Z,153963
2017-04-20T16:00:00.000Z,154804
2017-04-23T16:00:00.000Z,154851
2017-04-24T16:00:00.000Z,154864
2017-04-25T16:00:00.000Z,154976
2017-04-26T16:00:00.000Z,155135
2017-04-27T16:00:00.000Z,155249
2017-04-30T16:00:00.000Z,155295
2017-05-01T16:00:00.000Z,155340
2017-05-02T16:00:00.000Z,155395
2017-05-03T16:00:00.000Z,155238
2017-05-04T16:00:00.000Z,155064
2017-05-07T16:00:00.000Z,154764
2017-05-08T16:00:00.000Z,154759
2017-05-09T16:00:00.000Z,154529
2017-05-10T16:00:00.000Z,154541
2017-05-11T16:00:00.000Z,154317
2017-05-14T16:00:00.000Z,154267
2017-05-15T16:00:00.000Z,154329
2017-05-16T16:00:00.000Z,154256
2017-05-17T16:00:00.000Z,155107
2017-05-18T16:00:00.000Z,156000
2017-05-21T16:00:00.000Z,156540
2017-05-22T16:00:00.000Z,156834
2017-05-23T16:00:00.000Z,157306
2017-05-24T16:00:00.000Z,157369
2017-05-25T16:00:00.000Z,157334
2017-05-29T16:00:00.000Z,157735
2017-05-30T16:00:00.000Z,157922
2017-05-31T16:00:00.000Z,158135
2017-06-01T16:00:00.000Z,158295
2017-06-04T16:00:00.000Z,158724
2017-06-05T16:00:00.000Z,159200
2017-06-07T16:00:00.000Z,160298
2017-06-08T16:00:00.000Z,160813
2017-06-11T16:00:00.000Z,161247
2017-06-12T16:00:00.000Z,161706
2017-06-13T16:00:00.000Z,162029
2017-06-14T16:00:00.000Z,162130
2017-06-15T16:00:00.000Z,162148
2017-06-18T16:00:00.000Z,162082
2017-06-19T16:00:00.000Z,162160
2017-06-20T16:00:00.000Z,162267
2017-06-21T16:00:00.000Z,162330
2017-06-22T16:00:00.000Z,162343
2017-06-25T16:00:00.000Z,162404
2017-06-26T16:00:00.000Z,162424
2017-06-27T16:00:00.000Z,162535
2017-06-28T16:00:00.000Z,162660
2017-06-29T16:00:00.000Z,162833
2017-07-02T16:00:00.000Z,163072
2017-07-04T16:00:00.000Z,163302
2017-07-05T16:00:00.000Z,163302
2017-07-06T16:00:00.000Z,163292
2017-07-09T16:00:00.000Z,164184
2017-07-10T16:00:00.000Z,164945
2017-07-11T16:00:00.000Z,165536
2017-07-12T16:00:00.000Z,165603
2017-07-13T16:00:00.000Z,165650
2017-07-16T16:00:00.000Z,166609
2017-07-17T16:00:00.000Z,167421
2017-07-18T16:00:00.000Z,167947
2017-07-19T16:00:00.000Z,168245
2017-07-20T16:00:00.000Z,168747
2017-07-23T16:00:00.000Z,169582
2017-07-24T16:00:00.000Z,170076
2017-07-25T16:00:00.000Z,170074
2017-07-26T16:00:00.000Z,170547
2017-07-27T16:00:00.000Z,170989
2017-07-30T16:00:00.000Z,171314
2017-07-31T16:00:00.000Z,171910
2017-08-01T16:00:00.000Z,172177
2017-08-02T16:00:00.000Z,172805
2017-08-03T16:00:00.000Z,173346
2017-08-06T16:00:00.000Z,173746
2017-08-07T16:00:00.000Z,173668
2017-08-08T16:00:00.000Z,173703
2017-08-09T16:00:00.000Z,174951
2017-08-10T16:00:00.000Z,176257
2017-08-13T16:00:00.000Z,176732
2017-08-14T16:00:00.000Z,177918
2017-08-15T16:00:00.000Z,178538
2017-08-16T16:00:00.000Z,179186
2017-08-17T16:00:00.000Z,179599
2017-08-20T16:00:00.000Z,179850
2017-08-21T16:00:00.000Z,180121
2017-08-22T16:00:00.000Z,180139
2017-08-23T16:00:00.000Z,180394
2017-08-24T16:00:00.000Z,180378
2017-08-27T16:00:00.000Z,181072
2017-08-28T16:00:00.000Z,181664
2017-08-30T16:00:00.000Z,181926
2017-08-31T16:00:00.000Z,182925
2017-09-04T16:00:00.000Z,184002
2017-09-05T16:00:00.000Z,185533
2017-09-06T16:00:00.000Z,186791
2017-09-07T16:00:00.000Z,187597
2017-09-10T16:00:00.000Z,188515
2017-09-11T16:00:00.000Z,189039
2017-09-12T16:00:00.000Z,190231
2017-09-13T16:00:00.000Z,190640
2017-09-14T16:00:00.000Z,191313
2017-09-17T16:00:00.000Z,192083
2017-09-18T16:00:00.000Z,192352
2017-09-19T16:00:00.000Z,192444
2017-09-20T16:00:00.000Z,192896
2017-09-21T16:00:00.000Z,193480
2017-09-24T16:00:00.000Z,193856
2017-09-25T16:00:00.000Z,193956
2017-09-26T16:00:00.000Z,194055
2017-09-27T16:00:00.000Z,194681
2017-09-28T16:00:00.000Z,195493
2017-10-01T16:00:00.000Z,196210
2017-10-02T16:00:00.000Z,197833
2017-10-03T16:00:00.000Z,199154
2017-10-04T16:00:00.000Z,199478
2017-10-05T16:00:00.000Z,199935
2017-10-08T16:00:00.000Z,200485
2017-10-09T16:00:00.000Z,200684
2017-10-10T16:00:00.000Z,201000
2017-10-11T16:00:00.000Z,201404
2017-10-12T16:00:00.000Z,202125
2017-10-15T16:00:00.000Z,202583
2017-10-16T16:00:00.000Z,202427
2017-10-17T16:00:00.000Z,203174
2017-10-18T16:00:00.000Z,204137
2017-10-19T16:00:00.000Z,204568
2017-10-22T16:00:00.000Z,204606
2017-10-23T16:00:00.000Z,206050
2017-10-24T16:00:00.000Z,205948
2017-10-25T16:00:00.000Z,206080
2017-10-26T16:00:00.000Z,206267
2017-10-29T16:00:00.000Z,206123
2017-10-30T16:00:00.000Z,206099
2017-10-31T16:00:00.000Z,205971
2017-11-01T16:00:00.000Z,205810
2017-11-02T16:00:00.000Z,205627
2017-11-05T16:00:00.000Z,205160
2017-11-06T16:00:00.000Z,205346
2017-11-07T16:00:00.000Z,205138
2017-11-08T16:00:00.000Z,205606
2017-11-09T16:00:00.000Z,207241
2017-11-12T16:00:00.000Z,207668
2017-11-13T16:00:00.000Z,207978
2017-11-14T16:00:00.000Z,207976
2017-11-15T16:00:00.000Z,208430
2017-11-16T16:00:00.000Z,208780
2017-11-19T16:00:00.000Z,209224
2017-11-20T16:00:00.000Z,209624
2017-11-21T16:00:00.000Z,209339
2017-11-23T16:00:00.000Z,208831
2017-11-26T16:00:00.000Z,209427
2017-11-27T16:00:00.000Z,209425
2017-11-28T16:00:00.000Z,209231
2017-11-29T16:00:00.000Z,209143
2017-11-30T16:00:00.000Z,208760
2017-12-03T16:00:00.000Z,208760
2017-12-04T16:00:00.000Z,209214
2017-12-05T16:00:00.000Z,208857
2017-12-06T16:00:00.000Z,208699
2017-12-07T16:00:00.000Z,208662
2017-12-10T16:00:00.000Z,208986
2017-12-11T16:00:00.000Z,208752
2017-12-12T16:00:00.000Z,208363
2017-12-13T16:00:00.000Z,208611
2017-12-14T16:00:00.000Z,209230
2017-12-17T16:00:00.000Z,209281
2017-12-18T16:00:00.000Z,210100
2017-12-19T16:00:00.000Z,209975
2017-12-20T16:00:00.000Z,210486
2017-12-21T16:00:00.000Z,210897
2017-12-25T16:00:00.000Z,211348
2017-12-26T16:00:00.000Z,211348
2017-12-27T16:00:00.000Z,211372
2017-12-28T16:00:00.000Z,211172
2018-01-01T16:00:00.000Z,210972
2018-01-02T16:00:00.000Z,210972
2018-01-03T16:00:00.000Z,211237
2018-01-04T16:00:00.000Z,210810
2018-01-07T16:00:00.000Z,211568
2018-01-08T16:00:00.000Z,211608
2018-01-09T16:00:00.000Z,211747
2018-01-10T16:00:00.000Z,212281
2018-01-11T16:00:00.000Z,212925
2018-01-15T16:00:00.000Z,213039
2018-01-16T16:00:00.000Z,213094
2018-01-17T16:00:00.000Z,213072
2018-01-18T16:00:00.000Z,213427
2018-01-21T16:00:00.000Z,220119
2018-01-22T16:00:00.000Z,219992
2018-01-23T16:00:00.000Z,219759
2018-01-24T16:00:00.000Z,219766
2018-01-25T16:00:00.000Z,219446
2018-01-28T16:00:00.000Z,219860
2018-01-29T16:00:00.000Z,220449
2018-01-30T16:00:00.000Z,221036
2018-01-31T16:00:00.000Z,222305
2018-02-01T16:00:00.000Z,222972
2018-02-04T16:00:00.000Z,223108
2018-02-05T16:00:00.000Z,223397
2018-02-06T16:00:00.000Z,223510
2018-02-07T16:00:00.000Z,223623
2018-02-08T16:00:00.000Z,223623
2018-02-11T16:00:00.000Z,224019
2018-02-12T16:00:00.000Z,225021
2018-02-13T16:00:00.000Z,225068
2018-02-14T16:00:00.000Z,225840
2018-02-15T16:00:00.000Z,226308
2018-02-19T16:00:00.000Z,227671
2018-02-20T16:00:00.000Z,228428
2018-02-21T16:00:00.000Z,228911
2018-02-22T16:00:00.000Z,229145
2018-02-25T16:00:00.000Z,229424
2018-02-26T16:00:00.000Z,230096
2018-02-27T16:00:00.000Z,230376
2018-02-28T16:00:00.000Z,230731
2018-03-01T16:00:00.000Z,231060
2018-03-04T16:00:00.000Z,231956
2018-03-05T16:00:00.000Z,232444
2018-03-06T16:00:00.000Z,232578
2018-03-07T16:00:00.000Z,232568
2018-03-08T16:00:00.000Z,232665
2018-03-11T16:00:00.000Z,233372
2018-03-12T16:00:00.000Z,233419
2018-03-13T16:00:00.000Z,233234
2018-03-14T16:00:00.000Z,233462
2018-03-15T16:00:00.000Z,233675
2018-03-18T16:00:00.000Z,233330
2018-03-19T16:00:00.000Z,232957
2018-03-20T16:00:00.000Z,232740
2018-03-21T16:00:00.000Z,232138
2018-03-22T16:00:00.000Z,231638
2018-03-25T16:00:00.000Z,232547
2018-03-26T16:00:00.000Z,233592
2018-03-27T16:00:00.000Z,234276
2018-03-28T16:00:00.000Z,233927
2018-04-01T16:00:00.000Z,232817
2018-04-02T16:00:00.000Z,232431
2018-04-03T16:00:00.000Z,232274
2018-04-04T16:00:00.000Z,232038
2018-04-05T16:00:00.000Z,238424
2018-04-08T16:00:00.000Z,239309
2018-04-09T16:00:00.000Z,239323
2018-04-10T16:00:00.000Z,239306
2018-04-11T16:00:00.000Z,238982
2018-04-12T16:00:00.000Z,238733
2018-04-15T16:00:00.000Z,238662
2018-04-16T16:00:00.000Z,238375
2018-04-17T16:00:00.000Z,238275
2018-04-18T16:00:00.000Z,238217
2018-04-19T16:00:00.000Z,247957
2018-04-22T16:00:00.000Z,247999
2018-04-23T16:00:00.000Z,248161
2018-04-24T16:00:00.000Z,248112
2018-04-25T16:00:00.000Z,248501
2018-04-26T16:00:00.000Z,248214
2018-04-29T16:00:00.000Z,248744
2018-04-30T16:00:00.000Z,247754
2018-05-01T16:00:00.000Z,247630
2018-05-02T16:00:00.000Z,251511
2018-05-03T16:00:00.000Z,252016
2018-05-06T16:00:00.000Z,252692
2018-05-07T16:00:00.000Z,252986
2018-05-08T16:00:00.000Z,252411
2018-05-09T16:00:00.000Z,251643
2018-05-10T16:00:00.000Z,250577
2018-05-13T16:00:00.000Z,250262
2018-05-14T16:00:00.000Z,248986
2018-05-15T16:00:00.000Z,248666
2018-05-16T16:00:00.000Z,248259
2018-05-17T16:00:00.000Z,248647
2018-05-20T16:00:00.000Z,248975
2018-05-21T16:00:00.000Z,248013
2018-05-22T16:00:00.000Z,246664
2018-05-23T16:00:00.000Z,245440
2018-05-24T16:00:00.000Z,243923
2018-05-28T16:00:00.000Z,242943
2018-05-29T16:00:00.000Z,232206
2018-05-30T16:00:00.000Z,231364
2018-05-31T16:00:00.000Z,231648
2018-06-03T16:00:00.000Z,231855
2018-06-04T16:00:00.000Z,231058
2018-06-05T16:00:00.000Z,230777
2018-06-06T16:00:00.000Z,230657
2018-06-07T16:00:00.000Z,231012
2018-06-10T16:00:00.000Z,231726
2018-06-11T16:00:00.000Z,231477
2018-06-12T16:00:00.000Z,230675
2018-06-13T16:00:00.000Z,229983
2018-06-14T16:00:00.000Z,228780
2018-06-17T16:00:00.000Z,228430
2018-06-18T16:00:00.000Z,227612
2018-06-19T16:00:00.000Z,227129
2018-06-20T16:00:00.000Z,226637
2018-06-21T16:00:00.000Z,225572
2018-06-24T16:00:00.000Z,225031
2018-06-25T16:00:00.000Z,224473
2018-06-26T16:00:00.000Z,224598
2018-06-27T16:00:00.000Z,223983
2018-06-28T16:00:00.000Z,223981
2018-07-01T16:00:00.000Z,223658
2018-07-02T16:00:00.000Z,223352
2018-07-04T16:00:00.000Z,222801
2018-07-05T16:00:00.000Z,222656
2018-07-08T16:00:00.000Z,222833
2018-07-09T16:00:00.000Z,222287
2018-07-10T16:00:00.000Z,222467
2018-07-11T16:00:00.000Z,220984
2018-07-12T16:00:00.000Z,219800
2018-07-15T16:00:00.000Z,218849
2018-07-16T16:00:00.000Z,218205
2018-07-17T16:00:00.000Z,217403
2018-07-18T16:00:00.000Z,216375
2018-07-19T16:00:00.000Z,215984
2018-07-22T16:00:00.000Z,214654
2018-07-23T16:00:00.000Z,213358
2018-07-24T16:00:00.000Z,212103
2018-07-25T16:00:00.000Z,210608
2018-07-26T16:00:00.000Z,209010
2018-07-29T16:00:00.000Z,207467
2018-07-30T16:00:00.000Z,206006
2018-07-31T16:00:00.000Z,204674
2018-08-01T16:00:00.000Z,204126
2018-08-02T16:00:00.000Z,203609
2018-08-05T16:00:00.000Z,202786
2018-08-06T16:00:00.000Z,201803
2018-08-07T16:00:00.000Z,200720
2018-08-08T16:00:00.000Z,200039
2018-08-09T16:00:00.000Z,198556
2018-08-12T16:00:00.000Z,198576
2018-08-13T16:00:00.000Z,198017
2018-08-14T16:00:00.000Z,197476
2018-08-15T16:00:00.000Z,196582
2018-08-16T16:00:00.000Z,196352
2018-08-19T16:00:00.000Z,196102
2018-08-20T16:00:00.000Z,195544
2018-08-21T16:00:00.000Z,195145
2018-08-22T16:00:00.000Z,194748
2018-08-23T16:00:00.000Z,194024
2018-08-26T16:00:00.000Z,193629
2018-08-27T16:00:00.000Z,193016
2018-08-28T16:00:00.000Z,192340
2018-08-29T16:00:00.000Z,191643
2018-08-30T16:00:00.000Z,190561
2018-09-03T16:00:00.000Z,189866
2018-09-04T16:00:00.000Z,189050
2018-09-05T16:00:00.000Z,188878
2018-09-06T16:00:00.000Z,187513
2018-09-09T16:00:00.000Z,186802
2018-09-10T16:00:00.000Z,185361
2018-09-11T16:00:00.000Z,184388
2018-09-12T16:00:00.000Z,183311
2018-09-13T16:00:00.000Z,182359
2018-09-16T16:00:00.000Z,181272
2018-09-17T16:00:00.000Z,180081
2018-09-18T16:00:00.000Z,178782
2018-09-19T16:00:00.000Z,177379
2018-09-20T16:00:00.000Z,177394
2018-09-23T16:00:00.000Z,176728
2018-09-24T16:00:00.000Z,175850
2018-09-25T16:00:00.000Z,175147
2018-09-26T16:00:00.000Z,174442
2018-09-27T16:00:00.000Z,173720
2018-09-30T16:00:00.000Z,172440
2018-10-01T16:00:00.000Z,172061
2018-10-02T16:00:00.000Z,171154
2018-10-03T16:00:00.000Z,170177
2018-10-04T16:00:00.000Z,170155
2018-10-07T16:00:00.000Z,169425
2018-10-08T16:00:00.000Z,168754
2018-10-09T16:00:00.000Z,167711
2018-10-10T16:00:00.000Z,166923
2018-10-11T16:00:00.000Z,166200
2018-10-14T16:00:00.000Z,164935
2018-10-15T16:00:00.000Z,165448
2018-10-16T16:00:00.000Z,164710
2018-10-17T16:00:00.000Z,163866
2018-10-18T16:00:00.000Z,163725
2018-10-21T16:00:00.000Z,162722
2018-10-22T16:00:00.000Z,162190
2018-10-23T16:00:00.000Z,161664
2018-10-24T16:00:00.000Z,160483
2018-10-25T16:00:00.000Z,159088
2018-10-28T16:00:00.000Z,158316
2018-10-29T16:00:00.000Z,158009
2018-10-30T16:00:00.000Z,157434
2018-10-31T16:00:00.000Z,156590
2018-11-01T16:00:00.000Z,155534
2018-11-04T16:00:00.000Z,154881
2018-11-05T16:00:00.000Z,154541
2018-11-06T16:00:00.000Z,154339
2018-11-07T16:00:00.000Z,153671
2018-11-08T16:00:00.000Z,152620
2018-11-11T16:00:00.000Z,150765
2018-11-12T16:00:00.000Z,150193
2018-11-13T16:00:00.000Z,149010
2018-11-14T16:00:00.000Z,147742
2018-11-15T16:00:00.000Z,146176
2018-11-18T16:00:00.000Z,144424
2018-11-19T16:00:00.000Z,143061
2018-11-20T16:00:00.000Z,142227
2018-11-22T16:00:00.000Z,141521
2018-11-25T16:00:00.000Z,141133
2018-11-26T16:00:00.000Z,139943
2018-11-27T16:00:00.000Z,139046
2018-11-28T16:00:00.000Z,138404
2018-11-29T16:00:00.000Z,137226
2018-12-02T16:00:00.000Z,135536
2018-12-03T16:00:00.000Z,134467
2018-12-04T16:00:00.000Z,132842
2018-12-05T16:00:00.000Z,130864
2018-12-06T16:00:00.000Z,129104
2018-12-09T16:00:00.000Z,127354
2018-12-10T16:00:00.000Z,123640
2018-12-11T16:00:00.000Z,122147
2018-12-12T16:00:00.000Z,120803
2018-12-13T16:00:00.000Z,120020
2018-12-16T16:00:00.000Z,119248
2018-12-17T16:00:00.000Z,117651
2018-12-18T16:00:00.000Z,115984
2018-12-19T16:00:00.000Z,114594
2018-12-20T16:00:00.000Z,112369
2018-12-23T16:00:00.000Z,111441
2018-12-25T16:00:00.000Z,111128
2018-12-26T16:00:00.000Z,110705
2018-12-27T16:00:00.000Z,110480
2018-12-30T16:00:00.000Z,110086
2019-01-01T16:00:00.000Z,109829
2019-01-02T16:00:00.000Z,109145
2019-01-03T16:00:00.000Z,108510
2019-01-06T16:00:00.000Z,107581
2019-01-07T16:00:00.000Z,106442
2019-01-08T16:00:00.000Z,105443
2019-01-09T16:00:00.000Z,104493
2019-01-10T16:00:00.000Z,103099
2019-01-13T16:00:00.000Z,102246
2019-01-14T16:00:00.000Z,100288
2019-01-15T16:00:00.000Z,98789
2019-01-16T16:00:00.000Z,98252
2019-01-17T16:00:00.000Z,96212
2019-01-21T16:00:00.000Z,95300
2019-01-22T16:00:00.000Z,94309
2019-01-23T16:00:00.000Z,92421
2019-01-24T16:00:00.000Z,90533
2019-01-27T16:00:00.000Z,88896
2019-01-28T16:00:00.000Z,87498
2019-01-29T16:00:00.000Z,86906
2019-01-30T16:00:00.000Z,85970
2019-01-31T16:00:00.000Z,83832
2019-02-03T16:00:00.000Z,81848
2019-02-04T16:00:00.000Z,80645
2019-02-05T16:00:00.000Z,78958
2019-02-06T16:00:00.000Z,78571
2019-02-07T16:00:00.000Z,77301
2019-02-10T16:00:00.000Z,75339
2019-02-11T16:00:00.000Z,74591
2019-02-12T16:00:00.000Z,73670
2019-02-13T16:00:00.000Z,72417
2019-02-14T16:00:00.000Z,70245
2019-02-18T16:00:00.000Z,68793
2019-02-19T16:00:00.000Z,66050
2019-02-20T16:00:00.000Z,65119
2019-02-21T16:00:00.000Z,63224
2019-02-24T16:00:00.000Z,61834
2019-02-25T16:00:00.000Z,60238
2019-02-26T16:00:00.000Z,58651
2019-02-27T16:00:00.000Z,57629
2019-02-28T16:00:00.000Z,56473
2019-03-03T16:00:00.000Z,55841
2019-03-04T16:00:00.000Z,55337
2019-03-05T16:00:00.000Z,55180
2019-03-06T16:00:00.000Z,54178
2019-03-07T16:00:00.000Z,53337
2019-03-10T16:00:00.000Z,52881
2019-03-11T16:00:00.000Z,51631
2019-03-12T16:00:00.000Z,51308
2019-03-14T16:00:00.000Z,49580
2019-03-17T16:00:00.000Z,48522
2019-03-18T16:00:00.000Z,48303
2019-03-19T16:00:00.000Z,48169
2019-03-20T16:00:00.000Z,47614
2019-03-21T16:00:00.000Z,46913
2019-03-24T16:00:00.000Z,46319
2019-03-25T16:00:00.000Z,45833
2019-03-26T16:00:00.000Z,45160
2019-03-27T16:00:00.000Z,44427
2019-03-28T16:00:00.000Z,43562
2019-03-31T16:00:00.000Z,42692
2019-04-01T16:00:00.000Z,42373
2019-04-02T16:00:00.000Z,42204
2019-04-03T16:00:00.000Z,41425
2019-04-04T16:00:00.000Z,40921
2019-04-07T16:00:00.000Z,40498
2019-04-08T16:00:00.000Z,40352
2019-04-09T16:00:00.000Z,40189
2019-04-10T16:00:00.000Z,39402
2019-04-11T16:00:00.000Z,39097
2019-04-14T16:00:00.000Z,38597
2019-04-15T16:00:00.000Z,38597
2019-04-16T16:00:00.000Z,38597
2019-04-17T16:00:00.000Z,37497
2019-04-21T16:00:00.000Z,36475
2019-04-22T16:00:00.000Z,35976
2019-04-23T16:00:00.000Z,35933
2019-04-24T16:00:00.000Z,34931
2019-04-25T16:00:00.000Z,34731
2019-04-28T16:00:00.000Z,34731
2019-04-29T16:00:00.000Z,34300
2019-04-30T16:00:00.000Z,34300
2019-05-01T16:00:00.000Z,33466
2019-05-02T16:00:00.000Z,33267
2019-05-05T16:00:00.000Z,33267
2019-05-06T16:00:00.000Z,32984
2019-05-07T16:00:00.000Z,32984
2019-05-08T16:00:00.000Z,32586
2019-05-09T16:00:00.000Z,32586
2019-05-12T16:00:00.000Z,32310
2019-05-13T16:00:00.000Z,32310
2019-05-14T16:00:00.000Z,32298
2019-05-15T16:00:00.000Z,32216
2019-05-16T16:00:00.000Z,32174
2019-05-19T16:00:00.000Z,31960
2019-05-20T16:00:00.000Z,31893
2019-05-21T16:00:00.000Z,31923
2019-05-22T16:00:00.000Z,31803
2019-05-23T16:00:00.000Z,31825
2019-05-27T16:00:00.000Z,31848
2019-05-28T16:00:00.000Z,31748
2019-05-29T16:00:00.000Z,31648
2019-05-30T16:00:00.000Z,31636
2019-06-02T16:00:00.000Z,31637
2019-06-03T16:00:00.000Z,31637
2019-06-04T16:00:00.000Z,31637
2019-06-05T16:00:00.000Z,30827
2019-06-06T16:00:00.000Z,30665
2019-06-09T16:00:00.000Z,30665
2019-06-10T16:00:00.000Z,30480
2019-06-11T16:00:00.000Z,30480
2019-06-12T16:00:00.000Z,30204
2019-06-13T16:00:00.000Z,30204
2019-06-16T16:00:00.000Z,30204
2019-06-17T16:00:00.000Z,30113
2019-06-19T16:00:00.000Z,30600
2019-06-20T16:00:00.000Z,30776
2019-06-23T16:00:00.000Z,31264
2019-06-24T16:00:00.000Z,31530
2019-06-25T16:00:00.000Z,32370
2019-06-26T16:00:00.000Z,32770
2019-06-27T16:00:00.000Z,33415
2019-06-30T16:00:00.000Z,33886
2019-07-01T16:00:00.000Z,34192
2019-07-02T16:00:00.000Z,34193
2019-07-04T16:00:00.000Z,34520
2019-07-07T16:00:00.000Z,34820
2019-07-08T16:00:00.000Z,35109
2019-07-09T16:00:00.000Z,35397
2019-07-10T16:00:00.000Z,35898
2019-07-11T16:00:00.000Z,36158
2019-07-14T16:00:00.000Z,36664
2019-07-15T16:00:00.000Z,37054
2019-07-16T16:00:00.000Z,37229
2019-07-17T16:00:00.000Z,37391
2019-07-18T16:00:00.000Z,37674
2019-07-21T16:00:00.000Z,38358
2019-07-22T16:00:00.000Z,38380
2019-07-23T16:00:00.000Z,38406
2019-07-24T16:00:00.000Z,38719
2019-07-25T16:00:00.000Z,38719
2019-07-28T16:00:00.000Z,39079
2019-07-29T16:00:00.000Z,39253
2019-07-30T16:00:00.000Z,39602
2019-07-31T16:00:00.000Z,39647
2019-08-01T16:00:00.000Z,40110
2019-08-04T16:00:00.000Z,40247
2019-08-05T16:00:00.000Z,40414
2019-08-06T16:00:00.000Z,40815
2019-08-07T16:00:00.000Z,40837
2019-08-08T16:00:00.000Z,41173
2019-08-11T16:00:00.000Z,41197
2019-08-12T16:00:00.000Z,41508
2019-08-13T16:00:00.000Z,41530
2019-08-14T16:00:00.000Z,41552
2019-08-15T16:00:00.000Z,41574
2019-08-18T16:00:00.000Z,41574
2019-08-19T16:00:00.000Z,41574
2019-08-20T16:00:00.000Z,42077
2019-08-21T16:00:00.000Z,42031
2019-08-22T16:00:00.000Z,42076
2019-08-25T16:00:00.000Z,42276
2019-08-26T16:00:00.000Z,42804
2019-08-27T16:00:00.000Z,43232
2019-08-28T16:00:00.000Z,43519
2019-08-29T16:00:00.000Z,43829
2019-09-02T16:00:00.000Z,44113
2019-09-03T16:00:00.000Z,44113
2019-09-04T16:00:00.000Z,44113
2019-09-05T16:00:00.000Z,44254
2019-09-08T16:00:00.000Z,43950
2019-09-09T16:00:00.000Z,44214
2019-09-10T16:00:00.000Z,44472
2019-09-11T16:00:00.000Z,44851
2019-09-12T16:00:00.000Z,44451
2019-09-15T16:00:00.000Z,44051
2019-09-16T16:00:00.000Z,43901
2019-09-17T16:00:00.000Z,43901
2019-09-18T16:00:00.000Z,42437
2019-09-19T16:00:00.000Z,41238
2019-09-22T16:00:00.000Z,41238
2019-09-23T16:00:00.000Z,40738
2019-09-24T16:00:00.000Z,40738
2019-09-25T16:00:00.000Z,40675
2019-09-26T16:00:00.000Z,39997
2019-09-29T16:00:00.000Z,39719
2019-09-30T16:00:00.000Z,39644
2019-10-01T16:00:00.000Z,39688
2019-10-02T16:00:00.000Z,39191
2019-10-03T16:00:00.000Z,39013
2019-10-06T16:00:00.000Z,38848
2019-10-07T16:00:00.000Z,38635
2019-10-08T16:00:00.000Z,38811
2019-10-09T16:00:00.000Z,38883
2019-10-10T16:00:00.000Z,38209
2019-10-13T16:00:00.000Z,37430
2019-10-14T16:00:00.000Z,37408
2019-10-15T16:00:00.000Z,37355
2019-10-16T16:00:00.000Z,37265
2019-10-17T16:00:00.000Z,35888
2019-10-20T16:00:00.000Z,35100
2019-10-21T16:00:00.000Z,34855
2019-10-22T16:00:00.000Z,35100
2019-10-23T16:00:00.000Z,34887
2019-10-24T16:00:00.000Z,34713
2019-10-27T16:00:00.000Z,34983
2019-10-28T16:00:00.000Z,35318
2019-10-29T16:00:00.000Z,36025
2019-10-30T16:00:00.000Z,36285
2019-10-31T16:00:00.000Z,36549
2019-11-03T16:00:00.000Z,36547
2019-11-04T16:00:00.000Z,36679
2019-11-05T16:00:00.000Z,37060
2019-11-06T16:00:00.000Z,37529
2019-11-07T16:00:00.000Z,37902
2019-11-10T16:00:00.000Z,38397
2019-11-11T16:00:00.000Z,38812
2019-11-12T16:00:00.000Z,39204
2019-11-13T16:00:00.000Z,39518
2019-11-14T16:00:00.000Z,39843
2019-11-17T16:00:00.000Z,39904
2019-11-18T16:00:00.000Z,39989
2019-11-19T16:00:00.000Z,40075
2019-11-20T16:00:00.000Z,40097
2019-11-21T16:00:00.000Z,40097
2019-11-24T16:00:00.000Z,40097
2019-11-25T16:00:00.000Z,40097
2019-11-26T16:00:00.000Z,40097
2019-11-28T16:00:00.000Z,40097
2019-12-01T16:00:00.000Z,40097
2019-12-02T16:00:00.000Z,40097
2019-12-03T16:00:00.000Z,40097
2019-12-04T16:00:00.000Z,40119
2019-12-05T16:00:00.000Z,40186
2019-12-08T16:00:00.000Z,40089
2019-12-09T16:00:00.000Z,40089
2019-12-10T16:00:00.000Z,40111
2019-12-11T16:00:00.000Z,40111
2019-12-12T16:00:00.000Z,40111
2019-12-15T16:00:00.000Z,40111
2019-12-16T16:00:00.000Z,39999
2019-12-17T16:00:00.000Z,39999
2019-12-18T16:00:00.000Z,39977
2019-12-19T16:00:00.000Z,39958
2019-12-22T16:00:00.000Z,39958
2019-12-23T16:00:00.000Z,39958
2019-12-25T16:00:00.000Z,39958
2019-12-26T16:00:00.000Z,38354
2019-12-29T16:00:00.000Z,37951
2019-12-30T16:00:00.000Z,37550
2020-01-01T16:00:00.000Z,37550
2020-01-02T16:00:00.000Z,36975
2020-01-05T16:00:00.000Z,36397
2020-01-06T16:00:00.000Z,35997
2020-01-07T16:00:00.000Z,35601
2020-01-08T16:00:00.000Z,35601
2020-01-09T16:00:00.000Z,35237
2020-01-12T16:00:00.000Z,35237
2020-01-13T16:00:00.000Z,35237
2020-01-14T16:00:00.000Z,35194
2020-01-15T16:00:00.000Z,34969
2020-01-16T16:00:00.000Z,34703
2020-01-20T16:00:00.000Z,34395
2020-01-21T16:00:00.000Z,34858
2020-01-22T16:00:00.000Z,35512
2020-01-23T16:00:00.000Z,34838
2020-01-26T16:00:00.000Z,34136
2020-01-27T16:00:00.000Z,33627
2020-01-28T16:00:00.000Z,32822
2020-01-29T16:00:00.000Z,32420
2020-01-30T16:00:00.000Z,31415
2020-02-02T16:00:00.000Z,30474
2020-02-03T16:00:00.000Z,30373
2020-02-04T16:00:00.000Z,29956
2020-02-05T16:00:00.000Z,29852
2020-02-06T16:00:00.000Z,29551
2020-02-09T16:00:00.000Z,29453
2020-02-10T16:00:00.000Z,29439
2020-02-11T16:00:00.000Z,29439
2020-02-12T16:00:00.000Z,29338
2020-02-13T16:00:00.000Z,29338
2020-02-17T16:00:00.000Z,29338
2020-02-18T16:00:00.000Z,29456
2020-02-19T16:00:00.000Z,28957
2020-02-20T16:00:00.000Z,28957
2020-02-23T16:00:00.000Z,28957
2020-02-24T16:00:00.000Z,28957
2020-02-25T16:00:00.000Z,28957
2020-02-26T16:00:00.000Z,28943
2020-02-27T16:00:00.000Z,28943
2020-03-01T16:00:00.000Z,28617
2020-03-02T16:00:00.000Z,28744
2020-03-03T16:00:00.000Z,28342
2020-03-04T16:00:00.000Z,28080
2020-03-05T16:00:00.000Z,27773
2020-03-08T16:00:00.000Z,27574
2020-03-09T16:00:00.000Z,27822
2020-03-10T16:00:00.000Z,27756
2020-03-11T16:00:00.000Z,27880
2020-03-12T16:00:00.000Z,27655
2020-03-15T16:00:00.000Z,27673
2020-03-16T16:00:00.000Z,27404
2020-03-17T16:00:00.000Z,27474
2020-03-18T16:00:00.000Z,27712
2020-03-19T16:00:00.000Z,27996
2020-03-22T16:00:00.000Z,29088
2020-03-23T16:00:00.000Z,29720
2020-03-24T16:00:00.000Z,30098
2020-03-25T16:00:00.000Z,30662
2020-03-26T16:00:00.000Z,31322
2020-03-29T16:00:00.000Z,31651
2020-03-30T16:00:00.000Z,32253
2020-03-31T16:00:00.000Z,32849
2020-04-01T16:00:00.000Z,33348
2020-04-02T16:00:00.000Z,33900
2020-04-05T16:00:00.000Z,34479
2020-04-06T16:00:00.000Z,35364
2020-04-07T16:00:00.000Z,36151
2020-04-08T16:00:00.000Z,37012
2020-04-12T16:00:00.000Z,37793
2020-04-13T16:00:00.000Z,39667
2020-04-14T16:00:00.000Z,40443
2020-04-15T16:00:00.000Z,41326
2020-04-16T16:00:00.000Z,41326
2020-04-19T16:00:00.000Z,41792
2020-04-20T16:00:00.000Z,41742
2020-04-21T16:00:00.000Z,42129
2020-04-22T16:00:00.000Z,42362
2020-04-23T16:00:00.000Z,42013
2020-04-26T16:00:00.000Z,41880
2020-04-27T16:00:00.000Z,42050
2020-04-28T16:00:00.000Z,42141
2020-04-29T16:00:00.000Z,42268
2020-04-30T16:00:00.000Z,42714
2020-05-03T16:00:00.000Z,42943
2020-05-04T16:00:00.000Z,43228
2020-05-05T16:00:00.000Z,43565
2020-05-06T16:00:00.000Z,43955
2020-05-07T16:00:00.000Z,44477
2020-05-10T16:00:00.000Z,45113
2020-05-11T16:00:00.000Z,45042
2020-05-12T16:00:00.000Z,45753
2020-05-13T16:00:00.000Z,46867
2020-05-14T16:00:00.000Z,48159
2020-05-17T16:00:00.000Z,49549
2020-05-18T16:00:00.000Z,51056
2020-05-19T16:00:00.000Z,52255
2020-05-20T16:00:00.000Z,53828
2020-05-21T16:00:00.000Z,55409
2020-05-25T16:00:00.000Z,56254
2020-05-26T16:00:00.000Z,57971
2020-05-27T16:00:00.000Z,59260
2020-05-28T16:00:00.000Z,60505
2020-05-31T16:00:00.000Z,61606
2020-06-01T16:00:00.000Z,63053
2020-06-02T16:00:00.000Z,64060
2020-06-03T16:00:00.000Z,65208
2020-06-04T16:00:00.000Z,66461
2020-06-07T16:00:00.000Z,67629
2020-06-08T16:00:00.000Z,68539
2020-06-09T16:00:00.000Z,69866
2020-06-10T16:00:00.000Z,71127
2020-06-11T16:00:00.000Z,72368
2020-06-14T16:00:00.000Z,73603
2020-06-15T16:00:00.000Z,74656
2020-06-16T16:00:00.000Z,75716
2020-06-17T16:00:00.000Z,76142
2020-06-18T16:00:00.000Z,75863
2020-06-21T16:00:00.000Z,76446
2020-06-22T16:00:00.000Z,76964
2020-06-23T16:00:00.000Z,77488
2020-06-24T16:00:00.000Z,77946
2020-06-25T16:00:00.000Z,79148
2020-06-28T16:00:00.000Z,80101
2020-06-29T16:00:00.000Z,80373
2020-06-30T16:00:00.000Z,83280
2020-07-01T16:00:00.000Z,84320
2020-07-05T16:00:00.000Z,86086
2020-07-06T16:00:00.000Z,87106
2020-07-07T16:00:00.000Z,87963
2020-07-08T16:00:00.000Z,88634
2020-07-09T16:00:00.000Z,89146
2020-07-12T16:00:00.000Z,88944
2020-07-13T16:00:00.000Z,88960
2020-07-14T16:00:00.000Z,88659
2020-07-15T16:00:00.000Z,88458
2020-07-16T16:00:00.000Z,88410
2020-07-19T16:00:00.000Z,89210
2020-07-20T16:00:00.000Z,89765
2020-07-21T16:00:00.000Z,89463
2020-07-22T16:00:00.000Z,89173
2020-07-23T16:00:00.000Z,89091
2020-07-26T16:00:00.000Z,89186
2020-07-27T16:00:00.000Z,89181
2020-07-28T16:00:00.000Z,89093
2020-07-29T16:00:00.000Z,89092
2020-07-30T16:00:00.000Z,89049
2020-08-02T16:00:00.000Z,89284
2020-08-03T16:00:00.000Z,89284
2020-08-04T16:00:00.000Z,88734
2020-08-05T16:00:00.000Z,88511
2020-08-06T16:00:00.000Z,88511
2020-08-09T16:00:00.000Z,88511
2020-08-10T16:00:00.000Z,88511
2020-08-11T16:00:00.000Z,88511
2020-08-12T16:00:00.000Z,88313
2020-08-13T16:00:00.000Z,88247
2020-08-16T16:00:00.000Z,88208
2020-08-17T16:00:00.000Z,88098
2020-08-18T16:00:00.000Z,87794
2020-08-19T16:00:00.000Z,87684
2020-08-20T16:00:00.000Z,87395
2020-08-23T16:00:00.000Z,87127
2020-08-24T16:00:00.000Z,86933
2020-08-25T16:00:00.000Z,86441
2020-08-26T16:00:00.000Z,86063
2020-08-27T16:00:00.000Z,85862
2020-08-30T16:00:00.000Z,85425
2020-08-31T16:00:00.000Z,85270
2020-09-01T16:00:00.000Z,84722
2020-09-02T16:00:00.000Z,84183
2020-09-03T16:00:00.000Z,83654
2020-09-07T16:00:00.000Z,83279
2020-09-08T16:00:00.000Z,82828
2020-09-09T16:00:00.000Z,82828
2020-09-10T16:00:00.000Z,82352
2020-09-13T16:00:00.000Z,82052
2020-09-14T16:00:00.000Z,82052
2020-09-15T16:00:00.000Z,81802
2020-09-16T16:00:00.000Z,81299
2020-09-17T16:00:00.000Z,81199
2020-09-20T16:00:00.000Z,80974
2020-09-21T16:00:00.000Z,80930
2020-09-22T16:00:00.000Z,80831
2020-09-23T16:00:00.000Z,80743
2020-09-24T16:00:00.000Z,80743
2020-09-27T16:00:00.000Z,80831
2020-09-28T16:00:00.000Z,79843
2020-09-29T16:00:00.000Z,79843
2020-09-30T16:00:00.000Z,79843
2020-10-01T16:00:00.000Z,79743
2020-10-04T16:00:00.000Z,79743
2020-10-05T16:00:00.000Z,79743
2020-10-06T16:00:00.000Z,78941
2020-10-07T16:00:00.000Z,78941
2020-10-08T16:00:00.000Z,78740
2020-10-11T16:00:00.000Z,78581
2020-10-12T16:00:00.000Z,78581
2020-10-13T16:00:00.000Z,78279
2020-10-14T16:00:00.000Z,78279
2020-10-15T16:00:00.000Z,78179
2020-10-18T16:00:00.000Z,78179
2020-10-19T16:00:00.000Z,78179
2020-10-20T16:00:00.000Z,78179
2020-10-21T16:00:00.000Z,78179
2020-10-22T16:00:00.000Z,78179
2020-10-25T16:00:00.000Z,79838
2020-10-26T16:00:00.000Z,79838
2020-10-27T16:00:00.000Z,79760
2020-10-28T16:00:00.000Z,79760
2020-10-29T16:00:00.000Z,79945
2020-11-01T16:00:00.000Z,79945
2020-11-02T16:00:00.000Z,79942
2020-11-03T16:00:00.000Z,80844
2020-11-04T16:00:00.000Z,81095
2020-11-05T16:00:00.000Z,81095
2020-11-08T16:00:00.000Z,81095
2020-11-09T16:00:00.000Z,82007
2020-11-10T16:00:00.000Z,82486
2020-11-11T16:00:00.000Z,82486
2020-11-12T16:00:00.000Z,82504
2020-11-15T16:00:00.000Z,82504
2020-11-16T16:00:00.000Z,82504
2020-11-17T16:00:00.000Z,82203
2020-11-18T16:00:00.000Z,81891
2020-11-19T16:00:00.000Z,81592
2020-11-22T16:00:00.000Z,81592
2020-11-23T16:00:00.000Z,81592
2020-11-24T16:00:00.000Z,81592
2020-11-26T16:00:00.000Z,81592
2020-11-29T16:00:00.000Z,81592
2020-11-30T16:00:00.000Z,81191
2020-12-01T16:00:00.000Z,80725
2020-12-02T16:00:00.000Z,80725
2020-12-03T16:00:00.000Z,80474
2020-12-06T16:00:00.000Z,80474
2020-12-07T16:00:00.000Z,79940
2020-12-08T16:00:00.000Z,79940
2020-12-09T16:00:00.000Z,79940
2020-12-10T16:00:00.000Z,79715
2020-12-13T16:00:00.000Z,79264
2020-12-14T16:00:00.000Z,78687
2020-12-15T16:00:00.000Z,78084
2020-12-16T16:00:00.000Z,79180
2020-12-17T16:00:00.000Z,78386
2020-12-20T16:00:00.000Z,77986
2020-12-21T16:00:00.000Z,77727
2020-12-22T16:00:00.000Z,77345
2020-12-23T16:00:00.000Z,76844
2020-12-27T16:00:00.000Z,77091
2020-12-28T16:00:00.000Z,76908
2020-12-29T16:00:00.000Z,77599
2020-12-30T16:00:00.000Z,77599
2021-01-03T16:00:00.000Z,77411
2021-01-04T16:00:00.000Z,78273
2021-01-05T16:00:00.000Z,78692
2021-01-06T16:00:00.000Z,79259
2021-01-07T16:00:00.000Z,79644
2021-01-10T16:00:00.000Z,79206
2021-01-11T16:00:00.000Z,78938
2021-01-12T16:00:00.000Z,78587
2021-01-13T16:00:00.000Z,78058
2021-01-14T16:00:00.000Z,78058
2021-01-18T16:00:00.000Z,77494
2021-01-19T16:00:00.000Z,77134
2021-01-20T16:00:00.000Z,76534
2021-01-21T16:00:00.000Z,75682
2021-01-24T16:00:00.000Z,75006
2021-01-25T16:00:00.000Z,75307
2021-01-26T16:00:00.000Z,75087
2021-01-27T16:00:00.000Z,74612
2021-01-28T16:00:00.000Z,74238
2021-01-31T16:00:00.000Z,73587
2021-02-01T16:00:00.000Z,72885
2021-02-02T16:00:00.000Z,71605
2021-02-03T16:00:00.000Z,70709
2021-02-04T16:00:00.000Z,70313
2021-02-07T16:00:00.000Z,69788
2021-02-08T16:00:00.000Z,69106
2021-02-09T16:00:00.000Z,68134
2021-02-10T16:00:00.000Z,66928
2021-02-11T16:00:00.000Z,66381
2021-02-15T16:00:00.000Z,65751
2021-02-16T16:00:00.000Z,64865
2021-02-17T16:00:00.000Z,64699
2021-02-18T16:00:00.000Z,65471
2021-02-21T16:00:00.000Z,66003
2021-02-22T16:00:00.000Z,66542
2021-02-23T16:00:00.000Z,67582
2021-02-24T16:00:00.000Z,68607
2021-02-25T16:00:00.000Z,69556
2021-02-28T16:00:00.000Z,69358
2021-03-01T16:00:00.000Z,70130
2021-03-02T16:00:00.000Z,70019
2021-03-03T16:00:00.000Z,70045
2021-03-04T16:00:00.000Z,69856
2021-03-07T16:00:00.000Z,69707
2021-03-08T16:00:00.000Z,69663
2021-03-09T16:00:00.000Z,69552
2021-03-10T16:00:00.000Z,69508
2021-03-11T16:00:00.000Z,69660
2021-03-14T16:00:00.000Z,69660
2021-03-15T16:00:00.000Z,70149
2021-03-16T16:00:00.000Z,70149
2021-03-17T16:00:00.000Z,70448
2021-03-18T16:00:00.000Z,70949
2021-03-21T16:00:00.000Z,71149
2021-03-22T16:00:00.000Z,70837
2021-03-23T16:00:00.000Z,72285
2021-03-25T16:00:00.000Z,71742
2021-03-28T16:00:00.000Z,71501
2021-03-29T16:00:00.000Z,71435
2021-03-30T16:00:00.000Z,71435
2021-03-31T16:00:00.000Z,72211
2021-04-04T16:00:00.000Z,71616
2021-04-05T16:00:00.000Z,70758
2021-04-06T16:00:00.000Z,70473
2021-04-07T16:00:00.000Z,70189
2021-04-08T16:00:00.000Z,69911
2021-04-11T16:00:00.000Z,69692
2021-04-12T16:00:00.000Z,69430
2021-04-13T16:00:00.000Z,69671
2021-04-14T16:00:00.000Z,69263
2021-04-15T16:00:00.000Z,68877
2021-04-18T16:00:00.000Z,68430
2021-04-19T16:00:00.000Z,68273
2021-04-20T16:00:00.000Z,67839
2021-04-21T16:00:00.000Z,67353
2021-04-22T16:00:00.000Z,66992
2021-04-25T16:00:00.000Z,66877
2021-04-26T16:00:00.000Z,66738
2021-04-27T16:00:00.000Z,66668
2021-04-28T16:00:00.000Z,66668
2021-04-29T16:00:00.000Z,66536
2021-05-02T16:00:00.000Z,66405
2021-05-03T16:00:00.000Z,66078
2021-05-04T16:00:00.000Z,65946
2021-05-05T16:00:00.000Z,65505
2021-05-06T16:00:00.000Z,65329
2021-05-09T16:00:00.000Z,64980
2021-05-10T16:00:00.000Z,64673
2021-05-11T16:00:00.000Z,64115
2021-05-12T16:00:00.000Z,63896
2021-05-13T16:00:00.000Z,63612
2021-05-16T16:00:00.000Z,63285
2021-05-17T16:00:00.000Z,63109
2021-05-18T16:00:00.000Z,62788
2021-05-19T16:00:00.000Z,62785
2021-05-20T16:00:00.000Z,62308
2021-05-23T16:00:00.000Z,62242
2021-05-24T16:00:00.000Z,61982
2021-05-25T16:00:00.000Z,61730
2021-05-26T16:00:00.000Z,61576
2021-05-27T16:00:00.000Z,60883
2021-05-31T16:00:00.000Z,60708
2021-06-01T16:00:00.000Z,60203
2021-06-02T16:00:00.000Z,59765
2021-06-03T16:00:00.000Z,59490
2021-06-06T16:00:00.000Z,59203
2021-06-07T16:00:00.000Z,58475
2021-06-08T16:00:00.000Z,57777
2021-06-09T16:00:00.000Z,57157
2021-06-10T16:00:00.000Z,56433
2021-06-13T16:00:00.000Z,55414
2021-06-14T16:00:00.000Z,55326
2021-06-15T16:00:00.000Z,54514
2021-06-16T16:00:00.000Z,54038
2021-06-17T16:00:00.000Z,53317
2021-06-20T16:00:00.000Z,52355
2021-06-21T16:00:00.000Z,51805
2021-06-22T16:00:00.000Z,51355
2021-06-23T16:00:00.000Z,51209
2021-06-24T16:00:00.000Z,50604
2021-06-27T16:00:00.000Z,50079
2021-06-28T16:00:00.000Z,50036
2021-06-29T16:00:00.000Z,49713
2021-06-30T16:00:00.000Z,49345
2021-07-01T16:00:00.000Z,49345
2021-07-05T16:00:00.000Z,48878
2021-07-06T16:00:00.000Z,47683
2021-07-07T16:00:00.000Z,47287
2021-07-08T16:00:00.000Z,47143
2021-07-11T16:00:00.000Z,46970
2021-07-12T16:00:00.000Z,46400
2021-07-13T16:00:00.000Z,45963
2021-07-14T16:00:00.000Z,45687
2021-07-15T16:00:00.000Z,45355
2021-07-18T16:00:00.000Z,45355
2021-07-19T16:00:00.000Z,45204
2021-07-20T16:00:00.000Z,44905
2021-07-21T16:00:00.000Z,44905
2021-07-22T16:00:00.000Z,44806
2021-07-25T16:00:00.000Z,44729
2021-07-26T16:00:00.000Z,44729
2021-07-27T16:00:00.000Z,45438
2021-07-28T16:00:00.000Z,45438
2021-07-29T16:00:00.000Z,45885
2021-08-01T16:00:00.000Z,45885
2021-08-02T16:00:00.000Z,45753
2021-08-03T16:00:00.000Z,45687
2021-08-04T16:00:00.000Z,45687
2021-08-05T16:00:00.000Z,45811
2021-08-08T16:00:00.000Z,45986
2021-08-09T16:00:00.000Z,46112
2021-08-10T16:00:00.000Z,46287
2021-08-11T16:00:00.000Z,46287
2021-08-12T16:00:00.000Z,46287
2021-08-15T16:00:00.000Z,46533
2021-08-16T16:00:00.000Z,46757
2021-08-17T16:00:00.000Z,47121
2021-08-18T16:00:00.000Z,47825
2021-08-19T16:00:00.000Z,48223
2021-08-22T16:00:00.000Z,48223
2021-08-23T16:00:00.000Z,49673
2021-08-24T16:00:00.000Z,50273
2021-08-25T16:00:00.000Z,50388
2021-08-26T16:00:00.000Z,50561
2021-08-29T16:00:00.000Z,50811
2021-08-30T16:00:00.000Z,50811
2021-08-31T16:00:00.000Z,50811
2021-09-01T16:00:00.000Z,50811
2021-09-02T16:00:00.000Z,50811
2021-09-06T16:00:00.000Z,50811
2021-09-07T16:00:00.000Z,51186
2021-09-08T16:00:00.000Z,51248
2021-09-09T16:00:00.000Z,51248
2021-09-12T16:00:00.000Z,51248
2021-09-13T16:00:00.000Z,51401
2021-09-14T16:00:00.000Z,51751
2021-09-15T16:00:00.000Z,52187
2021-09-16T16:00:00.000Z,52452
2021-09-19T16:00:00.000Z,52652
2021-09-20T16:00:00.000Z,52652
2021-09-21T16:00:00.000Z,52652
2021-09-22T16:00:00.000Z,52843
2021-09-23T16:00:00.000Z,52843
2021-09-26T16:00:00.000Z,52842
2021-09-27T16:00:00.000Z,54430
2021-09-28T16:00:00.000Z,55112
2021-09-29T16:00:00.000Z,56467
2021-09-30T16:00:00.000Z,56467
2021-10-03T16:00:00.000Z,56467
2021-10-04T16:00:00.000Z,56484
2021-10-05T16:00:00.000Z,56484
2021-10-06T16:00:00.000Z,56484
2021-10-07T16:00:00.000Z,56484
2021-10-10T16:00:00.000Z,56545
2021-10-11T16:00:00.000Z,56545
2021-10-12T16:00:00.000Z,56439
2021-10-13T16:00:00.000Z,56439
2021-10-14T16:00:00.000Z,56439
2021-10-17T16:00:00.000Z,56347
2021-10-18T16:00:00.000Z,56347
2021-10-19T16:00:00.000Z,56092
2021-10-20T16:00:00.000Z,56025
2021-10-21T16:00:00.000Z,55981
2021-10-24T16:00:00.000Z,55890
2021-10-25T16:00:00.000Z,56137
2021-10-26T16:00:00.000Z,56521
2021-10-27T16:00:00.000Z,56924
2021-10-28T16:00:00.000Z,57235
2021-10-31T16:00:00.000Z,57381
2021-11-01T16:00:00.000Z,58629
2021-11-02T16:00:00.000Z,58629
2021-11-03T16:00:00.000Z,59113
2021-11-04T16:00:00.000Z,59591
2021-11-07T16:00:00.000Z,60030
2021-11-08T16:00:00.000Z,58992
2021-11-09T16:00:00.000Z,59193
2021-11-10T16:00:00.000Z,57876
2021-11-11T16:00:00.000Z,57319
2021-11-14T16:00:00.000Z,56794
2021-11-15T16:00:00.000Z,56794
2021-11-16T16:00:00.000Z,57717
2021-11-17T16:00:00.000Z,58017
2021-11-18T16:00:00.000Z,58138
2021-11-21T16:00:00.000Z,58618
2021-11-22T16:00:00.000Z,59004
2021-11-23T16:00:00.000Z,59004
2021-11-25T16:00:00.000Z,59004
2021-11-28T16:00:00.000Z,58663
2021-11-29T16:00:00.000Z,58671
2021-11-30T16:00:00.000Z,58671
2021-12-01T16:00:00.000Z,58671
2021-12-02T16:00:00.000Z,58671
2021-12-05T16:00:00.000Z,58671
2021-12-06T16:00:00.000Z,58671
2021-12-07T16:00:00.000Z,58459
2021-12-08T16:00:00.000Z,58131
2021-12-09T16:00:00.000Z,58131
2021-12-12T16:00:00.000Z,58710
2021-12-13T16:00:00.000Z,58712
2021-12-14T16:00:00.000Z,59069
2021-12-15T16:00:00.000Z,59069
2021-12-16T16:00:00.000Z,59766
2021-12-19T16:00:00.000Z,60337
2021-12-20T16:00:00.000Z,61615
2021-12-21T16:00:00.000Z,62953
2021-12-22T16:00:00.000Z,64033
2021-12-26T16:00:00.000Z,65555
2021-12-27T16:00:00.000Z,66718
2021-12-28T16:00:00.000Z,67585
2021-12-29T16:00:00.000Z,68611
2021-12-30T16:00:00.000Z,69667
2022-01-02T16:00:00.000Z,70325
2022-01-03T16:00:00.000Z,70944
2022-01-04T16:00:00.000Z,71930
2022-01-05T16:00:00.000Z,72636
2022-01-06T16:00:00.000Z,74039
2022-01-09T16:00:00.000Z,75391
2022-01-10T16:00:00.000Z,76021
2022-01-11T16:00:00.000Z,76512
2022-01-12T16:00:00.000Z,77168
2022-01-13T16:00:00.000Z,78023
2022-01-17T16:00:00.000Z,78720
2022-01-18T16:00:00.000Z,79694
2022-01-19T16:00:00.000Z,80153
2022-01-20T16:00:00.000Z,80635
2022-01-23T16:00:00.000Z,81127
2022-01-24T16:00:00.000Z,81538
2022-01-25T16:00:00.000Z,81714
2022-01-26T16:00:00.000Z,81801
2022-01-27T16:00:00.000Z,81608
2022-01-31T16:00:00.000Z,80782
2022-02-01T16:00:00.000Z,80420
2022-02-02T16:00:00.000Z,80206
2022-02-03T16:00:00.000Z,79528
2022-02-06T16:00:00.000Z,79453
2022-02-07T16:00:00.000Z,79306
2022-02-08T16:00:00.000Z,79306
2022-02-09T16:00:00.000Z,79157
2022-02-10T16:00:00.000Z,78919
2022-02-13T16:00:00.000Z,78146
2022-02-14T16:00:00.000Z,76676
2022-02-15T16:00:00.000Z,75881
2022-02-16T16:00:00.000Z,75146
2022-02-17T16:00:00.000Z,73921
2022-02-21T16:00:00.000Z,73224
2022-02-22T16:00:00.000Z,72410
2022-02-23T16:00:00.000Z,71657
2022-02-24T16:00:00.000Z,71496
2022-02-27T16:00:00.000Z,70886
2022-02-28T16:00:00.000Z,70389
2022-03-01T16:00:00.000Z,70127
2022-03-02T16:00:00.000Z,70157
2022-03-03T16:00:00.000Z,69884
2022-03-06T16:00:00.000Z,69786
2022-03-07T16:00:00.000Z,69574
2022-03-08T16:00:00.000Z,69507
2022-03-09T16:00:00.000Z,69565
2022-03-10T16:00:00.000Z,69770
2022-03-13T16:00:00.000Z,69571
2022-03-14T16:00:00.000Z,71167
2022-03-15T16:00:00.000Z,71973
2022-03-16T16:00:00.000Z,72060
2022-03-17T16:00:00.000Z,72648
2022-03-20T16:00:00.000Z,72995
2022-03-21T16:00:00.000Z,73229
2022-03-22T16:00:00.000Z,73297
2022-03-23T16:00:00.000Z,73345
2022-03-24T16:00:00.000Z,73680
2022-03-27T16:00:00.000Z,73904
2022-03-28T16:00:00.000Z,74229
2022-03-29T16:00:00.000Z,74523
2022-03-30T16:00:00.000Z,74733
2022-03-31T16:00:00.000Z,74331
2022-04-03T16:00:00.000Z,74518
2022-04-04T16:00:00.000Z,74730
2022-04-05T16:00:00.000Z,75052
2022-04-06T16:00:00.000Z,75371
2022-04-07T16:00:00.000Z,75373
2022-04-10T16:00:00.000Z,75485
2022-04-11T16:00:00.000Z,78309
2022-04-12T16:00:00.000Z,78859
2022-04-13T16:00:00.000Z,79330
2022-04-17T16:00:00.000Z,80116
2022-04-18T16:00:00.000Z,80470
2022-04-19T16:00:00.000Z,80880
2022-04-20T16:00:00.000Z,80746
2022-04-21T16:00:00.000Z,80599
2022-04-24T16:00:00.000Z,81321
2022-04-25T16:00:00.000Z,82655
2022-04-26T16:00:00.000Z,83240
2022-04-27T16:00:00.000Z,83756
2022-04-28T16:00:00.000Z,84014
2022-05-01T16:00:00.000Z,83504
2022-05-02T16:00:00.000Z,83552
2022-05-03T16:00:00.000Z,83325
2022-05-04T16:00:00.000Z,83161
2022-05-05T16:00:00.000Z,85980
2022-05-08T16:00:00.000Z,85317
2022-05-09T16:00:00.000Z,84598
2022-05-10T16:00:00.000Z,84133
2022-05-11T16:00:00.000Z,83472
2022-05-12T16:00:00.000Z,83115
2022-05-15T16:00:00.000Z,82491
2022-05-16T16:00:00.000Z,81184
2022-05-17T16:00:00.000Z,81045
2022-05-18T16:00:00.000Z,80953
2022-05-19T16:00:00.000Z,79742
2022-05-22T16:00:00.000Z,79943
2022-05-23T16:00:00.000Z,80584
2022-05-24T16:00:00.000Z,80259
2022-05-25T16:00:00.000Z,80574
2022-05-26T16:00:00.000Z,80050
2022-05-30T16:00:00.000Z,79652
2022-05-31T16:00:00.000Z,79143
2022-06-01T16:00:00.000Z,79712
2022-06-02T16:00:00.000Z,79291
2022-06-05T16:00:00.000Z,79490
2022-06-06T16:00:00.000Z,79315
2022-06-07T16:00:00.000Z,79577
2022-06-08T16:00:00.000Z,80186
2022-06-09T16:00:00.000Z,80549
2022-06-12T16:00:00.000Z,79989
2022-06-13T16:00:00.000Z,80420
2022-06-14T16:00:00.000Z,80420
2022-06-15T16:00:00.000Z,80420
2022-06-16T16:00:00.000Z,80420
2022-06-20T16:00:00.000Z,80420
2022-06-21T16:00:00.000Z,79427
2022-06-22T16:00:00.000Z,79114
2022-06-23T16:00:00.000Z,78779
2022-06-26T16:00:00.000Z,78581
2022-06-27T16:00:00.000Z,76158
2022-06-28T16:00:00.000Z,75509
2022-06-29T16:00:00.000Z,74345
2022-06-30T16:00:00.000Z,73505
2022-07-04T16:00:00.000Z,73505
2022-07-05T16:00:00.000Z,73216
2022-07-06T16:00:00.000Z,70822
2022-07-07T16:00:00.000Z,69973
2022-07-10T16:00:00.000Z,69850
2022-07-11T16:00:00.000Z,67981
2022-07-12T16:00:00.000Z,67870
2022-07-13T16:00:00.000Z,66606
2022-07-14T16:00:00.000Z,66070
2022-07-17T16:00:00.000Z,65098
2022-07-18T16:00:00.000Z,64487
2022-07-19T16:00:00.000Z,63824
2022-07-20T16:00:00.000Z,63361
2022-07-21T16:00:00.000Z,62598
2022-07-24T16:00:00.000Z,61785
2022-07-25T16:00:00.000Z,61341
2022-07-26T16:00:00.000Z,61341
2022-07-27T16:00:00.000Z,61115
2022-07-28T16:00:00.000Z,60891
2022-07-31T16:00:00.000Z,60740
2022-08-01T16:00:00.000Z,60590
2022-08-02T16:00:00.000Z,60240
2022-08-03T16:00:00.000Z,60090
2022-08-04T16:00:00.000Z,59414
2022-08-07T16:00:00.000Z,59014
2022-08-08T16:00:00.000Z,58613
2022-08-09T16:00:00.000Z,58035
2022-08-10T16:00:00.000Z,57437
2022-08-11T16:00:00.000Z,57146
2022-08-14T16:00:00.000Z,56436
2022-08-15T16:00:00.000Z,55922
2022-08-16T16:00:00.000Z,55460
2022-08-17T16:00:00.000Z,55160
2022-08-18T16:00:00.000Z,54648
2022-08-21T16:00:00.000Z,54123
2022-08-22T16:00:00.000Z,54048
2022-08-23T16:00:00.000Z,53547
2022-08-24T16:00:00.000Z,53321
2022-08-25T16:00:00.000Z,52664
2022-08-28T16:00:00.000Z,52052
2022-08-29T16:00:00.000Z,51712
2022-08-30T16:00:00.000Z,51077
2022-08-31T16:00:00.000Z,50720
2022-09-01T16:00:00.000Z,50074
2022-09-05T16:00:00.000Z,49600
2022-09-06T16:00:00.000Z,48623
2022-09-07T16:00:00.000Z,48221
2022-09-08T16:00:00.000Z,47981
2022-09-11T16:00:00.000Z,47630
2022-09-12T16:00:00.000Z,47405
2022-09-13T16:00:00.000Z,46931
2022-09-14T16:00:00.000Z,46602
2022-09-15T16:00:00.000Z,46251
2022-09-18T16:00:00.000Z,45802
2022-09-19T16:00:00.000Z,45714
2022-09-20T16:00:00.000Z,45299
2022-09-21T16:00:00.000Z,45403
2022-09-22T16:00:00.000Z,45262
2022-09-25T16:00:00.000Z,45304
2022-09-26T16:00:00.000Z,45366
2022-09-27T16:00:00.000Z,45087
2022-09-28T16:00:00.000Z,45149
2022-09-29T16:00:00.000Z,44931
2022-10-02T16:00:00.000Z,44951
2022-10-03T16:00:00.000Z,44949
2022-10-04T16:00:00.000Z,44653
2022-10-05T16:00:00.000Z,44653
2022-10-06T16:00:00.000Z,44434
2022-10-09T16:00:00.000Z,43871
2022-10-10T16:00:00.000Z,43324
2022-10-11T16:00:00.000Z,42937
2022-10-12T16:00:00.000Z,41869
2022-10-13T16:00:00.000Z,41276
2022-10-16T16:00:00.000Z,40762
2022-10-17T16:00:00.000Z,40700
2022-10-18T16:00:00.000Z,40402
2022-10-19T16:00:00.000Z,39931
2022-10-20T16:00:00.000Z,39852
2022-10-23T16:00:00.000Z,39446
2022-10-24T16:00:00.000Z,38892
2022-10-25T16:00:00.000Z,38037
2022-10-26T16:00:00.000Z,37479
2022-10-27T16:00:00.000Z,37374
2022-10-30T16:00:00.000Z,36971
2022-10-31T16:00:00.000Z,36828
2022-11-01T16:00:00.000Z,36529
2022-11-02T16:00:00.000Z,36529
2022-11-03T16:00:00.000Z,36529
2022-11-06T16:00:00.000Z,36230
2022-11-07T16:00:00.000Z,36230
2022-11-08T16:00:00.000Z,36230
2022-11-09T16:00:00.000Z,36230
2022-11-10T16:00:00.000Z,35929
2022-11-13T16:00:00.000Z,35630
2022-11-14T16:00:00.000Z,36182
2022-11-15T16:00:00.000Z,36626
2022-11-16T16:00:00.000Z,36737
2022-11-17T16:00:00.000Z,37248
2022-11-20T16:00:00.000Z,36948
2022-11-21T16:00:00.000Z,37896
2022-11-22T16:00:00.000Z,37596
2022-11-24T16:00:00.000Z,37596
2022-11-27T16:00:00.000Z,37396
2022-11-28T16:00:00.000Z,37146
2022-11-29T16:00:00.000Z,36847
2022-11-30T16:00:00.000Z,36847
2022-12-01T16:00:00.000Z,36546
2022-12-04T16:00:00.000Z,36245
2022-12-05T16:00:00.000Z,35864
2022-12-06T16:00:00.000Z,35565
2022-12-07T16:00:00.000Z,35513
2022-12-08T16:00:00.000Z,35169
2022-12-11T16:00:00.000Z,34742
2022-12-12T16:00:00.000Z,34616
2022-12-13T16:00:00.000Z,34705
2022-12-14T16:00:00.000Z,35097
2022-12-15T16:00:00.000Z,34843
2022-12-18T16:00:00.000Z,35968
2022-12-19T16:00:00.000Z,35886
2022-12-20T16:00:00.000Z,35606
2022-12-21T16:00:00.000Z,35694
2022-12-22T16:00:00.000Z,35494
2022-12-26T16:00:00.000Z,35494
2022-12-27T16:00:00.000Z,35394
2022-12-28T16:00:00.000Z,35394
2022-12-29T16:00:00.000Z,35091
2023-01-02T16:00:00.000Z,34929
2023-01-03T16:00:00.000Z,34929
2023-01-04T16:00:00.000Z,34849
2023-01-05T16:00:00.000Z,34049
2023-01-08T16:00:00.000Z,33948
2023-01-09T16:00:00.000Z,33550
2023-01-10T16:00:00.000Z,33250
2023-01-11T16:00:00.000Z,33250
2023-01-12T16:00:00.000Z,33238
2023-01-15T16:00:00.000Z,33238
2023-01-16T16:00:00.000Z,33238
2023-01-17T16:00:00.000Z,32701
2023-01-18T16:00:00.000Z,32573
2023-01-26T16:00:00.000Z,30135
2023-01-29T16:00:00.000Z,29462
2023-01-30T16:00:00.000Z,28543
2023-01-31T16:00:00.000Z,27999
2023-02-01T16:00:00.000Z,27703
2023-02-02T16:00:00.000Z,26599
2023-02-05T16:00:00.000Z,26362
2023-02-06T16:00:00.000Z,25853
2023-02-07T16:00:00.000Z,25480
2023-02-08T16:00:00.000Z,25062
2023-02-09T16:00:00.000Z,24157
2023-02-12T16:00:00.000Z,23848
2023-02-13T16:00:00.000Z,23396
2023-02-14T16:00:00.000Z,23055
2023-02-15T16:00:00.000Z,22332
2023-02-16T16:00:00.000Z,21654
2023-02-20T16:00:00.000Z,20833
2023-02-21T16:00:00.000Z,19948
2023-02-22T16:00:00.000Z,19292
2023-02-23T16:00:00.000Z,18614
2023-02-26T16:00:00.000Z,17962
2023-02-27T16:00:00.000Z,17072
2023-02-28T16:00:00.000Z,16533
2023-03-01T16:00:00.000Z,16279
2023-03-02T16:00:00.000Z,15962
2023-03-05T16:00:00.000Z,15854
2023-03-06T16:00:00.000Z,15446
2023-03-07T16:00:00.000Z,15337
2023-03-08T16:00:00.000Z,15226
2023-03-09T16:00:00.000Z,15128
2023-03-12T16:00:00.000Z,15128
2023-03-13T16:00:00.000Z,15128
2023-03-14T16:00:00.000Z,15128
2023-03-15T16:00:00.000Z,15128
2023-03-16T16:00:00.000Z,14827
2023-03-19T16:00:00.000Z,14827
2023-03-20T16:00:00.000Z,14627
2023-03-21T16:00:00.000Z,14627
2023-03-22T16:00:00.000Z,14627
2023-03-23T16:00:00.000Z,14952
2023-03-26T16:00:00.000Z,15400
2023-03-27T16:00:00.000Z,15624
2023-03-28T16:00:00.000Z,16027
2023-03-29T16:00:00.000Z,16278
2023-03-30T16:00:00.000Z,16543
2023-04-02T16:00:00.000Z,16942
2023-04-04T16:00:00.000Z,18197
2023-04-05T16:00:00.000Z,18749
2023-04-09T16:00:00.000Z,19447
2023-04-10T16:00:00.000Z,20062
2023-04-11T16:00:00.000Z,20817
2023-04-12T16:00:00.000Z,21679
2023-04-13T16:00:00.000Z,21679
2023-04-16T16:00:00.000Z,23194
2023-04-17T16:00:00.000Z,23835
2023-04-18T16:00:00.000Z,24484
2023-04-19T16:00:00.000Z,25262
2023-04-20T16:00:00.000Z,25478
2023-04-23T16:00:00.000Z,26425
2023-04-24T16:00:00.000Z,27249
2023-04-25T16:00:00.000Z,27497
2023-04-26T16:00:00.000Z,27647
2023-04-27T16:00:00.000Z,27647
2023-04-30T16:00:00.000Z,27647
2023-05-01T16:00:00.000Z,27647
2023-05-02T16:00:00.000Z,27647
2023-05-03T16:00:00.000Z,27647
2023-05-04T16:00:00.000Z,27647
2023-05-07T16:00:00.000Z,27647
2023-05-08T16:00:00.000Z,27647
2023-05-09T16:00:00.000Z,27647
2023-05-10T16:00:00.000Z,27647
2023-05-11T16:00:00.000Z,27647
2023-05-14T16:00:00.000Z,27647
2023-05-15T16:00:00.000Z,27647
2023-05-16T16:00:00.000Z,27647
2023-05-17T16:00:00.000Z,27647
2023-05-18T16:00:00.000Z,27647
2023-05-21T16:00:00.000Z,27647
2023-05-22T16:00:00.000Z,27647
2023-05-23T16:00:00.000Z,27647
2023-05-24T16:00:00.000Z,27647
2023-05-25T16:00:00.000Z,27709
2023-05-29T16:00:00.000Z,27709
2023-05-30T16:00:00.000Z,27702
2023-05-31T16:00:00.000Z,27702
2023-06-01T16:00:00.000Z,27702
2023-06-04T16:00:00.000Z,27702
2023-06-05T16:00:00.000Z,27702
2023-06-06T16:00:00.000Z,27997
2023-06-07T16:00:00.000Z,28242
2023-06-08T16:00:00.000Z,28067
2023-06-11T16:00:00.000Z,28067
2023-06-12T16:00:00.000Z,28067
2023-06-13T16:00:00.000Z,28064
2023-06-14T16:00:00.000Z,28174
2023-06-15T16:00:00.000Z,28416
2023-06-19T16:00:00.000Z,28682
2023-06-20T16:00:00.000Z,29290
2023-06-21T16:00:00.000Z,29851
2023-06-22T16:00:00.000Z,30254
2023-06-25T16:00:00.000Z,30709
2023-06-26T16:00:00.000Z,30994
2023-06-27T16:00:00.000Z,31488
2023-06-28T16:00:00.000Z,31958
2023-06-29T16:00:00.000Z,33929
2023-07-02T16:00:00.000Z,34949
2023-07-04T16:00:00.000Z,35394
2023-07-05T16:00:00.000Z,35746
2023-07-06T16:00:00.000Z,36298
2023-07-09T16:00:00.000Z,36648
2023-07-10T16:00:00.000Z,37634
2023-07-11T16:00:00.000Z,38301
2023-07-12T16:00:00.000Z,39874
2023-07-13T16:00:00.000Z,40905
2023-07-16T16:00:00.000Z,41079
2023-07-17T16:00:00.000Z,41079
2023-07-18T16:00:00.000Z,41535
2023-07-19T16:00:00.000Z,42829
2023-07-20T16:00:00.000Z,44333
2023-07-23T16:00:00.000Z,46084
2023-07-24T16:00:00.000Z,45984
2023-07-25T16:00:00.000Z,45619
2023-07-26T16:00:00.000Z,45252
2023-07-27T16:00:00.000Z,43396
2023-07-30T16:00:00.000Z,43460
2023-07-31T16:00:00.000Z,43460
2023-08-01T16:00:00.000Z,43637
2023-08-02T16:00:00.000Z,43658
2023-08-03T16:00:00.000Z,43537
2023-08-06T16:00:00.000Z,43579
2023-08-07T16:00:00.000Z,43797
2023-08-08T16:00:00.000Z,43700
2023-08-09T16:00:00.000Z,43701
2023-08-10T16:00:00.000Z,43385
2023-08-13T16:00:00.000Z,43268
2023-08-14T16:00:00.000Z,43131
2023-08-15T16:00:00.000Z,42905
2023-08-16T16:00:00.000Z,43345
2023-08-17T16:00:00.000Z,41444
2023-08-20T16:00:00.000Z,40292
2023-08-21T16:00:00.000Z,39117
2023-08-22T16:00:00.000Z,37577
2023-08-23T16:00:00.000Z,36199
2023-08-24T16:00:00.000Z,34958
2023-08-27T16:00:00.000Z,33801
2023-08-28T16:00:00.000Z,33281
2023-08-29T16:00:00.000Z,32877
2023-08-30T16:00:00.000Z,32404
2023-08-31T16:00:00.000Z,31914
2023-09-05T16:00:00.000Z,30018
2023-09-06T16:00:00.000Z,28722
2023-09-07T16:00:00.000Z,27870
2023-09-10T16:00:00.000Z,27448
2023-09-11T16:00:00.000Z,26815
2023-09-12T16:00:00.000Z,26340
2023-09-13T16:00:00.000Z,25894
2023-09-14T16:00:00.000Z,25894
2023-09-17T16:00:00.000Z,25939
2023-09-18T16:00:00.000Z,25384
2023-09-19T16:00:00.000Z,25384
2023-09-20T16:00:00.000Z,25362
2023-09-21T16:00:00.000Z,25362
2023-09-24T16:00:00.000Z,25362
2023-09-25T16:00:00.000Z,25362
2023-09-26T16:00:00.000Z,25362
2023-09-27T16:00:00.000Z,25339
2023-09-28T16:00:00.000Z,25339
2023-10-01T16:00:00.000Z,25340
2023-10-02T16:00:00.000Z,25340
2023-10-03T16:00:00.000Z,25340
2023-10-04T16:00:00.000Z,25035
2023-10-05T16:00:00.000Z,24774
2023-10-08T16:00:00.000Z,24605
2023-10-09T16:00:00.000Z,24409
2023-10-10T16:00:00.000Z,24260
2023-10-11T16:00:00.000Z,24214
2023-10-12T16:00:00.000Z,24209
2023-10-15T16:00:00.000Z,24209
2023-10-16T16:00:00.000Z,23808
2023-10-17T16:00:00.000Z,23808
2023-10-18T16:00:00.000Z,23808
2023-10-19T16:00:00.000Z,23808
2023-10-22T16:00:00.000Z,23808
2023-10-23T16:00:00.000Z,23608
2023-10-24T16:00:00.000Z,23522
2023-10-25T16:00:00.000Z,23477
2023-10-26T16:00:00.000Z,22721
2023-10-29T16:00:00.000Z,22121
2023-10-30T16:00:00.000Z,21921
2023-10-31T16:00:00.000Z,21322
2023-11-01T16:00:00.000Z,21322
2023-11-02T16:00:00.000Z,20624
2023-11-05T16:00:00.000Z,20524
2023-11-06T16:00:00.000Z,20423
2023-11-07T16:00:00.000Z,20423
2023-11-08T16:00:00.000Z,20402
2023-11-09T16:00:00.000Z,20402
2023-11-12T16:00:00.000Z,20402
2023-11-13T16:00:00.000Z,20402
2023-11-14T16:00:00.000Z,20307
2023-11-15T16:00:00.000Z,20216
2023-11-16T16:00:00.000Z,19815
2023-11-19T16:00:00.000Z,19793
2023-11-20T16:00:00.000Z,20895
2023-11-21T16:00:00.000Z,21866
2023-11-23T16:00:00.000Z,21538
2023-11-26T16:00:00.000Z,22970
2023-11-27T16:00:00.000Z,20590
2023-11-28T16:00:00.000Z,20184
2023-11-29T16:00:00.000Z,19655
2023-11-30T16:00:00.000Z,18845
2023-12-03T16:00:00.000Z,18346
2023-12-04T16:00:00.000Z,17686
2023-12-05T16:00:00.000Z,16969
2023-12-06T16:00:00.000Z,16485
2023-12-07T16:00:00.000Z,16199
2023-12-10T16:00:00.000Z,15759
2023-12-11T16:00:00.000Z,17007
2023-12-12T16:00:00.000Z,16985
2023-12-13T16:00:00.000Z,16985
2023-12-14T16:00:00.000Z,16788
2023-12-17T16:00:00.000Z,16701
2023-12-18T16:00:00.000Z,17064
2023-12-19T16:00:00.000Z,17514
2023-12-20T16:00:00.000Z,17605
2023-12-21T16:00:00.000Z,18039
2023-12-25T16:00:00.000Z,18561
2023-12-26T16:00:00.000Z,18561
2023-12-27T16:00:00.000Z,18215
2024-01-01T16:00:00.000Z,19009
2024-01-02T16:00:00.000Z,19224
2024-01-03T16:00:00.000Z,19332
2024-01-07T16:00:00.000Z,19934
2024-01-08T16:00:00.000Z,19934
2024-01-09T16:00:00.000Z,19698
2024-01-10T16:00:00.000Z,19772
2024-01-15T16:00:00.000Z,20454
2024-01-21T16:00:00.000Z,21449
2024-01-22T16:00:00.000Z,22368
2024-01-23T16:00:00.000Z,23351
2024-01-24T16:00:00.000Z,23860
2024-01-28T16:00:00.000Z,24639
2024-01-29T16:00:00.000Z,24243
2024-01-30T16:00:00.000Z,24243
2024-01-31T16:00:00.000Z,23674
2024-02-04T16:00:00.000Z,24369
2024-02-05T16:00:00.000Z,23605
2024-02-06T16:00:00.000Z,23303
2024-02-19T16:00:00.000Z,25485
2024-02-20T16:00:00.000Z,26940
2024-02-21T16:00:00.000Z,27689
2024-02-25T16:00:00.000Z,29265
2024-02-26T16:00:00.000Z,29259
2024-02-27T16:00:00.000Z,29562
2024-02-28T16:00:00.000Z,29031
2024-03-03T16:00:00.000Z,28464
2024-03-04T16:00:00.000Z,28924
2024-03-05T16:00:00.000Z,29434
2024-03-06T16:00:00.000Z,29937
2024-03-10T16:00:00.000Z,30836
2024-03-11T16:00:00.000Z,31108
2024-03-12T16:00:00.000Z,30603
2024-03-13T16:00:00.000Z,30316
2024-03-17T16:00:00.000Z,29880
2024-03-18T16:00:00.000Z,30081
2024-03-19T16:00:00.000Z,30423
2024-03-20T16:00:00.000Z,30863
2024-03-24T16:00:00.000Z,30879
2024-03-25T16:00:00.000Z,30951
2024-03-26T16:00:00.000Z,30504
2024-03-27T16:00:00.000Z,30059
2024-03-31T16:00:00.000Z,29905
2024-04-01T16:00:00.000Z,29891
2024-04-07T16:00:00.000Z,29505
2024-04-08T16:00:00.000Z,29607
2024-04-09T16:00:00.000Z,29285
2024-04-10T16:00:00.000Z,29173
2024-04-11T16:00:00.000Z,28998
2024-04-14T16:00:00.000Z,28707
2024-04-15T16:00:00.000Z,28170
2024-04-16T16:00:00.000Z,27801
2024-04-17T16:00:00.000Z,27256
2024-04-18T16:00:00.000Z,26810
2024-04-21T16:00:00.000Z,26830
2024-04-22T16:00:00.000Z,26550
2024-04-23T16:00:00.000Z,26173
2024-04-24T16:00:00.000Z,25551
2024-04-25T16:00:00.000Z,25057
2024-04-28T16:00:00.000Z,24612
2024-04-29T16:00:00.000Z,24400
2024-04-30T16:00:00.000Z,23710
2024-05-01T16:00:00.000Z,23610
2024-05-02T16:00:00.000Z,23637
2024-05-05T16:00:00.000Z,23216
2024-05-06T16:00:00.000Z,23199
2024-05-07T16:00:00.000Z,22677
2024-05-08T16:00:00.000Z,22036
2024-05-12T16:00:00.000Z,21310
2024-05-13T16:00:00.000Z,21066
2024-05-14T16:00:00.000Z,20723
2024-05-15T16:00:00.000Z,20445
2024-05-19T16:00:00.000Z,19922
2024-05-20T16:00:00.000Z,19569
2024-05-21T16:00:00.000Z,19196
2024-05-22T16:00:00.000Z,18871
2024-05-27T16:00:00.000Z,18518
2024-05-28T16:00:00.000Z,17887
2024-05-29T16:00:00.000Z,17476
2024-06-02T16:00:00.000Z,16295
2024-06-03T16:00:00.000Z,15674
2024-06-04T16:00:00.000Z,14799
2024-06-05T16:00:00.000Z,14472
2024-06-09T16:00:00.000Z,12840
2024-06-10T16:00:00.000Z,11809
2024-06-11T16:00:00.000Z,11256
2024-06-12T16:00:00.000Z,10509
2024-06-16T16:00:00.000Z,9515
2024-06-17T16:00:00.000Z,9165
2024-06-19T16:00:00.000Z,9165
2024-06-23T16:00:00.000Z,9120
2024-06-24T16:00:00.000Z,9120
2024-06-25T16:00:00.000Z,9120
2024-06-26T16:00:00.000Z,9046
2024-06-30T16:00:00.000Z,8947
2024-07-01T16:00:00.000Z,8947
2024-07-02T16:00:00.000Z,8947
2024-07-07T16:00:00.000Z,8947
2024-07-08T16:00:00.000Z,9059
2024-07-09T16:00:00.000Z,9250
2024-07-10T16:00:00.000Z,9396
2024-07-14T16:00:00.000Z,10188
2024-07-15T16:00:00.000Z,10626
2024-07-16T16:00:00.000Z,11192
2024-07-17T16:00:00.000Z,11329
2024-07-21T16:00:00.000Z,11549
2024-07-22T16:00:00.000Z,12159
2024-07-23T16:00:00.000Z,12638
2024-07-24T16:00:00.000Z,13240
2024-07-28T16:00:00.000Z,14050
2024-07-29T16:00:00.000Z,14252
2024-07-30T16:00:00.000Z,14720
2024-07-31T16:00:00.000Z,15026
2024-08-04T16:00:00.000Z,16200
2024-08-05T16:00:00.000Z,17161
2024-08-06T16:00:00.000Z,19711
2024-08-07T16:00:00.000Z,22543
2024-08-11T16:00:00.000Z,23445
2024-08-12T16:00:00.000Z,23488
2024-08-13T16:00:00.000Z,24008
2024-08-14T16:00:00.000Z,24423
2024-08-18T16:00:00.000Z,26036
2024-08-19T16:00:00.000Z,28127
2024-08-20T16:00:00.000Z,29388
2024-08-21T16:00:00.000Z,31315
2024-08-25T16:00:00.000Z,35909
2024-08-26T16:00:00.000Z,37686
2024-08-27T16:00:00.000Z,39030
2024-08-28T16:00:00.000Z,40006
2024-09-02T16:00:00.000Z,40117
2024-09-03T16:00:00.000Z,40117
2024-09-05T16:00:00.000Z,40018
2024-09-08T16:00:00.000Z,40018
2024-09-09T16:00:00.000Z,40018
2024-09-10T16:00:00.000Z,39997
2024-09-11T16:00:00.000Z,39997
2024-09-12T16:00:00.000Z,39892
2024-09-15T16:00:00.000Z,39968
2024-09-16T16:00:00.000Z,40019
2024-09-17T16:00:00.000Z,40309
2024-09-18T16:00:00.000Z,40777
2024-09-19T16:00:00.000Z,40972
2024-09-22T16:00:00.000Z,54013
2024-09-23T16:00:00.000Z,56848
2024-09-24T16:00:00.000Z,58578
2024-09-25T16:00:00.000Z,60625
2024-09-26T16:00:00.000Z,62141
2024-09-29T16:00:00.000Z,63545
2024-09-30T16:00:00.000Z,64461
2024-10-01T16:00:00.000Z,64461
2024-10-02T16:00:00.000Z,66610
2024-10-03T16:00:00.000Z,70848
2024-10-06T16:00:00.000Z,71899
2024-10-07T16:00:00.000Z,73420
2024-10-08T16:00:00.000Z,75096
2024-10-09T16:00:00.000Z,76012
2024-10-10T16:00:00.000Z,76582
2024-10-13T16:00:00.000Z,77227
2024-10-14T16:00:00.000Z,77938
2024-10-15T16:00:00.000Z,77873
2024-10-16T16:00:00.000Z,78059
2024-10-17T16:00:00.000Z,78465
2024-10-20T16:00:00.000Z,80534
2024-10-21T16:00:00.000Z,81681
2024-10-22T16:00:00.000Z,82479
2024-10-23T16:00:00.000Z,83811
2024-10-24T16:00:00.000Z,85695
2024-10-27T16:00:00.000Z,86935
2024-10-28T16:00:00.000Z,87479
2024-10-29T16:00:00.000Z,88843
2024-10-30T16:00:00.000Z,88719
2024-10-31T16:00:00.000Z,89018
2024-11-03T16:00:00.000Z,89019
2024-11-04T16:00:00.000Z,89017
2024-11-05T16:00:00.000Z,89017
2024-11-06T16:00:00.000Z,88893
2024-11-07T16:00:00.000Z,88802
2024-11-10T16:00:00.000Z,88610
2024-11-11T16:00:00.000Z,88610
2024-11-12T16:00:00.000Z,88892
2024-11-13T16:00:00.000Z,89466
2024-11-14T16:00:00.000Z,89238
2024-11-17T16:00:00.000Z,89217
2024-11-18T16:00:00.000Z,88935
2024-11-19T16:00:00.000Z,88769
2024-11-20T16:00:00.000Z,88610
2024-11-21T16:00:00.000Z,88466
2024-11-24T16:00:00.000Z,88409
2024-11-25T16:00:00.000Z,88333
2024-11-26T16:00:00.000Z,90696
2024-11-28T16:00:00.000Z,90696
2024-12-01T16:00:00.000Z,90963
2024-12-02T16:00:00.000Z,91035
2024-12-03T16:00:00.000Z,92502
2024-12-04T16:00:00.000Z,92371
2024-12-05T16:00:00.000Z,92929
2024-12-08T16:00:00.000Z,93597
2024-12-09T16:00:00.000Z,93540
2024-12-10T16:00:00.000Z,93542
2024-12-11T16:00:00.000Z,94420
2024-12-12T16:00:00.000Z,94035
2024-12-15T16:00:00.000Z,94383
2024-12-16T16:00:00.000Z,94058
2024-12-17T16:00:00.000Z,93472
2024-12-18T16:00:00.000Z,93193
2024-12-19T16:00:00.000Z,93550
2024-12-22T16:00:00.000Z,94754
2024-12-23T16:00:00.000Z,95217
2024-12-25T16:00:00.000Z,95638
2024-12-26T16:00:00.000Z,65590
2024-12-29T16:00:00.000Z,95170
2024-12-30T16:00:00.000Z,93161
2025-01-01T16:00:00.000Z,93372
2025-01-02T16:00:00.000Z,95316
2025-01-05T16:00:00.000Z,95478
2025-01-06T16:00:00.000Z,94659
2025-01-07T16:00:00.000Z,96384
2025-01-08T16:00:00.000Z,96021
2025-01-09T16:00:00.000Z,95895
2025-01-12T16:00:00.000Z,95640
2025-01-13T16:00:00.000Z,95356
2025-01-14T16:00:00.000Z,95236
2025-01-15T16:00:00.000Z,95499
2025-01-16T16:00:00.000Z,96167
2025-01-20T16:00:00.000Z,97085
2025-01-21T16:00:00.000Z,97504
2025-01-22T16:00:00.000Z,97517
2025-01-23T16:00:00.000Z,97591
2025-02-03T16:00:00.000Z,99156
2025-02-04T16:00:00.000Z,99685
2025-02-05T16:00:00.000Z,99880
2025-02-06T16:00:00.000Z,99833
2025-02-09T16:00:00.000Z,100184
2025-02-10T16:00:00.000Z,100302
2025-02-11T16:00:00.000Z,100341
2025-02-12T16:00:00.000Z,100664
2025-02-13T16:00:00.000Z,100347
2025-02-17T16:00:00.000Z,99236
2025-02-18T16:00:00.000Z,985353
2025-02-19T16:00:00.000Z,97658
2025-02-20T16:00:00.000Z,96941
2025-02-23T16:00:00.000Z,96641
2025-02-24T16:00:00.000Z,96760
2025-02-25T16:00:00.000Z,96139
2025-02-26T16:00:00.000Z,94322
2025-02-27T16:00:00.000Z,93481
2025-03-02T16:00:00.000Z,93137
2025-03-03T16:00:00.000Z,92834
2025-03-04T16:00:00.000Z,92834
2025-03-05T16:00:00.000Z,92458
2025-03-06T16:00:00.000Z,92509
2025-03-09T16:00:00.000Z,92472
2025-03-10T16:00:00.000Z,92821
2025-03-11T16:00:00.000Z,92815
2025-03-12T16:00:00.000Z,92797
2025-03-13T16:00:00.000Z,93439
2025-03-16T16:00:00.000Z,93531
2025-03-17T16:00:00.000Z,92919
2025-03-18T16:00:00.000Z,93154
2025-03-19T16:00:00.000Z,93280
2025-03-20T16:00:00.000Z,93410
2025-03-23T16:00:00.000Z,93522
2025-03-24T16:00:00.000Z,93747
2025-03-25T16:00:00.000Z,93805
2025-03-26T16:00:00.000Z,94251
2025-03-27T16:00:00.000Z,94466
2025-03-30T16:00:00.000Z,96175
2025-03-31T16:00:00.000Z,97524
2025-04-01T16:00:00.000Z,101209
2025-04-02T16:00:00.000Z,104056
2025-04-03T16:00:00.000Z,104659
2025-04-06T16:00:00.000Z,105878
2025-04-07T16:00:00.000Z,107154
2025-04-08T16:00:00.000Z,111672
2025-04-09T16:00:00.000Z,117131
2025-04-10T16:00:00.000Z,117821
2025-04-13T16:00:00.000Z,119772
2025-04-14T16:00:00.000Z,120418
2025-04-15T16:00:00.000Z,121585
2025-04-16T16:00:00.000Z,123127
2025-04-20T16:00:00.000Z,125795
2025-04-21T16:00:00.000Z,128259
2025-04-22T16:00:00.000Z,129816
2025-04-23T16:00:00.000Z,131519
2025-04-24T16:00:00.000Z,131976
2025-04-27T16:00:00.000Z,135144
2025-04-28T16:00:00.000Z,137759
2025-04-29T16:00:00.000Z,144023
2025-04-30T16:00:00.000Z,146550
2025-05-01T16:00:00.000Z,149326
2025-05-04T16:00:00.000Z,152616
2025-05-05T16:00:00.000Z,154632
2025-05-06T16:00:00.000Z,156623
2025-05-07T16:00:00.000Z,158717
2025-05-08T16:00:00.000Z,160250
2025-05-11T16:00:00.000Z,163458
2025-05-12T16:00:00.000Z,165112
2025-05-13T16:00:00.000Z,167040
2025-05-14T16:00:00.000Z,168563
2025-05-15T16:00:00.000Z,169664
2025-05-18T16:00:00.000Z,170380
2025-05-19T16:00:00.000Z,171622
2025-05-20T16:00:00.000Z,173023
2025-05-21T16:00:00.000Z,174607
2025-05-22T16:00:00.000Z,175631
2025-05-26T16:00:00.000Z,178963
2025-05-27T16:00:00.000Z,179722
2025-05-28T16:00:00.000Z,180501
2025-05-29T16:00:00.000Z,180629
2025-06-01T16:00:00.000Z,182626
2025-06-02T16:00:00.000Z,184185
2025-06-03T16:00:00.000Z,185683
2025-06-04T16:00:00.000Z,186883
2025-06-05T16:00:00.000Z,187877
2025-06-08T16:00:00.000Z,189720
2025-06-09T16:00:00.000Z,190935
2025-06-10T16:00:00.000Z,192086
2025-06-11T16:00:00.000Z,193954
2025-06-12T16:00:00.000Z,196046
2025-06-15T16:00:00.000Z,197361
2025-06-16T16:00:00.000Z,198405
2025-06-17T16:00:00.000Z,199949
2025-06-19T16:00:00.000Z,201197
2025-06-22T16:00:00.000Z,203335
2025-06-23T16:00:00.000Z,204316
2025-06-24T16:00:00.000Z,206135
2025-06-25T16:00:00.000Z,207891
2025-06-26T16:00:00.000Z,209281
2025-06-29T16:00:00.000Z,211209
2025-06-30T16:00:00.000Z,212139
2025-07-01T16:00:00.000Z,213171
2025-07-02T16:00:00.000Z,220954
2025-07-06T16:00:00.000Z,221456
2025-07-07T16:00:00.000Z,221788
2025-07-08T16:00:00.000Z,223407
2025-07-09T16:00:00.000Z,231143
2025-07-10T16:00:00.000Z,234204
2025-07-13T16:00:00.000Z,236454
2025-07-14T16:00:00.000Z,238264
2025-07-15T16:00:00.000Z,239435
2025-07-16T16:00:00.000Z,241814
2025-07-17T16:00:00.000Z,242837
2025-07-20T16:00:00.000Z,243363
2025-07-21T16:00:00.000Z,342781
2025-07-22T16:00:00.000Z,245508
2025-07-23T16:00:00.000Z,247859
2025-07-24T16:00:00.000Z,248635
2025-07-27T16:00:00.000Z,250819
2025-07-28T16:00:00.000Z,253431
2025-07-29T16:00:00.000Z,255948
2025-07-30T16:00:00.000Z,257915
2025-07-31T16:00:00.000Z,259681
2025-08-03T16:00:00.000Z,261180
2025-08-04T16:00:00.000Z,262190
2025-08-05T16:00:00.000Z,263104
2025-08-06T16:00:00.000Z,263296
2025-08-07T16:00:00.000Z,264140
2025-08-10T16:00:00.000Z,265196
2025-08-11T16:00:00.000Z,265889
2025-08-12T16:00:00.000Z,266795
2025-08-13T16:00:00.000Z,266804
2025-08-14T16:00:00.000Z,267195
2025-08-17T16:00:00.000Z,269070
2025-08-18T16:00:00.000Z,269943
2025-08-19T16:00:00.000Z,270536
2025-08-20T16:00:00.000Z,271696
2025-08-21T16:00:00.000Z,271482
2025-08-24T16:00:00.000Z,272500
2025-08-25T16:00:00.000Z,272105
2025-08-26T16:00:00.000Z,273767
2025-08-27T16:00:00.000Z,275226
2025-08-28T16:00:00.000Z,277843
2025-09-01T16:00:00.000Z,281075
2025-09-02T16:00:00.000Z,284400
2025-09-03T16:00:00.000Z,302744
2025-09-04T16:00:00.000Z,305345
2025-09-07T16:00:00.000Z,305779
2025-09-08T16:00:00.000Z,307696
2025-09-09T16:00:00.000Z,308706
2025-09-10T16:00:00.000Z,309834
2025-09-11T16:00:00.000Z,310487
2025-09-14T16:00:00.000Z,311847
2025-09-15T16:00:00.000Z,312868
2025-09-16T16:00:00.000Z,312842
2025-09-17T16:00:00.000Z,315206
2025-09-18T16:00:00.000Z,316774
2025-09-21T16:00:00.000Z,318285
2025-09-22T16:00:00.000Z,318386
2025-09-23T16:00:00.000Z,318229
2025-09-24T16:00:00.000Z,321056
2025-09-25T16:00:00.000Z,322284
2025-09-28T16:00:00.000Z,323207
2025-10-07T16:00:00.000Z,335521
2025-10-08T16:00:00.000Z,338159
2025-10-09T16:00:00.000Z,339525
2025-10-12T16:00:00.000Z,340875
2025-10-13T16:00:00.000Z,342280
2025-10-14T16:00:00.000Z,343235
2025-10-15T16:00:00.000Z,344652
2025-10-16T16:00:00.000Z,345581
2025-10-19T16:00:00.000Z,346616
2025-10-20T16:00:00.000Z,345924
2025-10-21T16:00:00.000Z,346499
2025-10-22T16:00:00.000Z,347498
2025-10-23T16:00:00.000Z,347961
2025-10-26T16:00:00.000Z,347741
2025-10-27T16:00:00.000Z,348367
2025-10-28T16:00:00.000Z,346662
2025-10-29T16:00:00.000Z,348662
2025-10-30T16:00:00.000Z,355660
2025-11-02T16:00:00.000Z,358486
2025-11-03T16:00:00.000Z,360491
2025-11-04T16:00:00.000Z,363368
2025-11-05T16:00:00.000Z,366419
2025-11-06T16:00:00.000Z,369369
2025-11-09T16:00:00.000Z,372304
2025-11-10T16:00:00.000Z,376631
2025-11-11T16:00:00.000Z,378303
2025-11-12T16:00:00.000Z,379439
2025-11-13T16:00:00.000Z,381296
2025-11-16T16:00:00.000Z,384517
2025-11-17T16:00:00.000Z,389288
2025-11-18T16:00:00.000Z,391678
2025-11-19T16:00:00.000Z,391678
2025-11-20T16:00:00.000Z,397277
2025-11-21T16:00:00.000Z,402876
